energy_eV,wavelength_nm,eps1_xx,eps1_yy,eps1_zz,eps1_xy,eps1_yz,eps1_zx,eps2_xx,eps2_yy,eps2_zz,eps2_xy,eps2_yz,eps2_zx
0,,5.0704,5.494,7.0123,0,0.6571,0,0,0,0,0,0,0
0.0394,31468.0706599,5.0708,5.4944,7.013,0,0.5714,0,0.0008,0.0008,0.0018,0,0.1091,0
0.0789,15714.0935868,5.0717,5.4953,7.0151,0,0.4979,0,0.0017,0.0017,0.0035,0,0.1018,0
0.1183,10480.4901437,5.0734,5.497,7.0186,0,0.4682,0,0.0025,0.0025,0.0053,0,0.0811,0
0.1577,7862.02906785,5.0757,5.4993,7.0235,0,0.4555,0,0.0033,0.0034,0.0071,0,0.0656,0
0.1971,6290.42102486,5.0786,5.5023,7.0298,0,0.4495,0,0.0042,0.0042,0.0089,0,0.0547,0
0.2366,5240.24507185,5.0822,5.506,7.0376,0,0.4467,0,0.005,0.0051,0.0108,0,0.047,0
0.276,4492.18110145,5.0865,5.5103,7.0468,0,0.4456,0,0.0059,0.0059,0.0126,0,0.0413,0
0.3154,3931.01453393,5.0915,5.5153,7.0575,0,0.4456,0,0.0068,0.0068,0.0145,0,0.0369,0
0.3548,3494.48135287,5.0972,5.5211,7.0696,0,0.4463,0,0.0076,0.0077,0.0164,0,0.0335,0
0.3943,3144.41284301,5.1036,5.5275,7.0834,0,0.4476,0,0.0085,0.0086,0.0184,0,0.0309,0
0.4337,2858.75486281,5.1106,5.5347,7.0986,0,0.4493,0,0.0094,0.0095,0.0204,0,0.0287,0
0.4731,2620.67635595,5.1184,5.5425,7.1155,0,0.4514,0,0.0104,0.0105,0.0225,0,0.027,0
0.5125,2419.20387122,5.127,5.5512,7.134,0,0.4538,0,0.0113,0.0114,0.0246,0,0.0256,0
0.552,2246.09055072,5.1363,5.5605,7.1543,0,0.4566,0,0.0123,0.0124,0.0268,0,0.0244,0
0.5914,2096.45245857,5.1463,5.5707,7.1762,0,0.4597,0,0.0133,0.0134,0.029,0,0.0235,0
0.6308,1965.50726696,5.1572,5.5817,7.2,0,0.4631,0,0.0143,0.0144,0.0313,0,0.0227,0
0.6702,1849.95819755,5.1689,5.5935,7.2256,0,0.4669,0,0.0153,0.0155,0.0338,0,0.0221,0
0.7097,1746.99448218,5.1814,5.6061,7.2532,0,0.471,0,0.0164,0.0166,0.0363,0,0.0216,0
0.7491,1655.10877586,5.1947,5.6196,7.2828,0,0.4754,0,0.0175,0.0177,0.0389,0,0.0212,0
0.7885,1572.40581357,5.209,5.634,7.3145,0,0.4802,0,0.0187,0.0189,0.0417,0,0.0209,0
0.8279,1497.57456698,5.2242,5.6493,7.3484,0,0.4854,0,0.0199,0.0201,0.0446,0,0.0207,0
0.8674,1429.3774314,5.2403,5.6656,7.3847,0,0.491,0,0.0211,0.0213,0.0476,0,0.0207,0
0.9068,1367.2717071,5.2574,5.6829,7.4234,0,0.497,0,0.0224,0.0226,0.0508,0,0.0206,0
0.9462,1310.33817798,5.2755,5.7013,7.4647,0,0.5034,0,0.0237,0.024,0.0542,0,0.0207,0
0.9856,1257.95655844,5.2948,5.7207,7.5087,0,0.5103,0,0.0251,0.0254,0.0578,0,0.0209,0
1.0251,1209.48393718,5.3151,5.7413,7.5557,0,0.5177,0,0.0266,0.0269,0.0617,0,0.0211,0
1.0645,1164.71769281,5.3366,5.7631,7.6058,0,0.5256,0,0.0281,0.0285,0.0658,0,0.0215,0
1.1039,1123.14700969,5.3594,5.7862,7.6593,0,0.5342,0,0.0297,0.0302,0.0703,0,0.0219,0
1.1433,1084.44151491,5.3835,5.8107,7.7165,0,0.5434,0,0.0314,0.0319,0.0751,0,0.0224,0
1.1828,1048.22622929,5.4089,5.8365,7.7775,0,0.5532,0,0.0332,0.0338,0.0804,0,0.0231,0
1.2222,1014.43461299,5.4358,5.8639,7.8429,0,0.5639,0,0.0352,0.0359,0.0861,0,0.0238,0
1.2616,982.753633481,5.4643,5.893,7.913,0,0.5754,0,0.0372,0.038,0.0925,0,0.0247,0
1.301,952.991532667,5.4944,5.9238,7.9883,0,0.5879,0,0.0394,0.0404,0.0995,0,0.0258,0
1.3405,924.910096233,5.5264,5.9565,8.0694,0,0.6014,0,0.0418,0.0429,0.1075,0,0.027,0
1.3799,898.501329082,5.5602,5.9913,8.1571,0,0.6162,0,0.0443,0.0457,0.1166,0,0.0285,0
1.4193,873.558785317,5.5961,6.0284,8.2524,0,0.6325,0,0.0471,0.0488,0.127,0,0.0304,0
1.4587,849.96365531,5.6342,6.068,8.3564,0,0.6504,0,0.0501,0.0522,0.1394,0,0.0326,0
1.4982,827.554387932,5.6749,6.1105,8.4706,0,0.6705,0,0.0534,0.0561,0.1544,0,0.0355,0
1.5376,806.348844953,5.7182,6.1561,8.5975,0,0.693,0,0.0571,0.0605,0.1733,0,0.0392,0
1.577,786.202906785,5.7645,6.2054,8.7399,0,0.7189,0,0.0614,0.0658,0.1983,0,0.0444,0
1.6164,767.039089334,5.8141,6.2591,8.9024,0,0.749,0,0.0664,0.0722,0.2339,0,0.0519,0
1.6559,748.742064134,5.867,6.3179,9.0901,0,0.7848,0,0.0721,0.0806,0.2904,0,0.0644,0
1.6953,731.340756208,5.9241,6.3824,9.3028,0,0.8265,0,0.0784,0.0926,0.3907,0,0.0874,0
1.7347,714.729915259,5.9864,6.452,9.5097,0,0.8669,0,0.0857,0.1108,0.5674,0,0.1297,0
1.7741,698.856876163,6.0546,6.5223,9.6324,0,0.8859,0,0.095,0.1361,0.8093,0,0.1904,0
1.8136,683.635853551,6.1296,6.5905,9.6409,0,0.8719,0,0.1072,0.1627,1.0016,0,0.242,0
1.853,669.099829466,6.2122,6.6649,9.6575,0,0.8523,0,0.1238,0.1831,1.055,0,0.2564,0
1.8924,655.169088988,6.3026,6.7594,9.8185,0,0.866,0,0.1472,0.2042,1.0724,0,0.2547,0
1.9318,641.806596956,6.4008,6.876,10.0712,0,0.9038,0,0.1786,0.2447,1.2227,0,0.2832,0
1.9713,628.946372445,6.5089,7.0038,10.2628,0,0.9235,0,0.2208,0.3186,1.5205,0,0.3479,0
2.0107,616.622063958,6.6271,7.1245,10.2958,0,0.8977,0,0.2811,0.4336,1.8752,0,0.422,0
2.0501,604.771466758,6.751,7.2132,10.1527,0,0.8237,0,0.3694,0.5821,2.1346,0,0.4626,0
2.0895,593.36778368,6.8656,7.2639,10.0042,0,0.7479,0,0.4968,0.7356,2.1563,0,0.4309,0
2.129,582.358846407,6.9411,7.2977,10.0518,0,0.7233,0,0.6597,0.8854,2.0806,0,0.3588,0
2.1684,571.777339974,6.9615,7.3131,10.2175,0,0.74,0,0.8258,1.0557,2.1157,0,0.2921,0
2.2078,561.573504846,6.9322,7.2672,10.3497,0,0.7817,0,0.9714,1.2444,2.2216,0,0.2246,0
2.2472,551.72747597,6.8508,7.1371,10.4433,0,0.8588,0,1.0676,1.3873,2.2994,0,0.1607,0
2.2867,542.197045524,6.7633,6.9875,10.5712,0,0.9687,0,1.056,1.4223,2.3025,0,0.117,0
2.3261,533.013191178,6.7706,6.8876,10.8306,0,1.1062,0,0.9562,1.3934,2.2721,0,0.0979,0
2.3655,524.13527119,6.9073,6.8097,11.2212,0,1.273,0,0.8741,1.3425,2.3464,0,0.1172,0
2.4049,515.548248992,7.1162,6.7579,11.5993,0,1.4429,0,0.8859,1.2154,2.5669,0,0.1995,0
2.4444,507.217306496,7.3195,6.8229,11.9077,0,1.5771,0,1.0026,1.0233,2.7888,0,0.3244,0
2.4838,499.17142443,7.4501,7.0344,12.2806,0,1.6799,0,1.1856,0.8733,2.9315,0,0.45,0
2.5232,491.376816741,7.4929,7.3269,12.8448,0,1.7834,0,1.3442,0.836,3.091,0,0.5663,0
2.5626,483.82189339,7.5255,7.637,13.6278,0,1.9139,0,1.4083,0.9048,3.4111,0,0.6909,0
2.6021,476.477454364,7.6605,7.9498,14.5798,0,2.0791,0,1.4131,1.0637,4.0612,0,0.8631,0
2.6415,469.370427409,7.9289,8.2522,15.4951,0,2.2407,0,1.4868,1.3327,5.1856,0,1.1239,0
2.6809,462.472298109,8.238,8.4848,16.1063,0,2.3415,0,1.7279,1.727,6.6993,0,1.4557,0
2.7203,455.773989633,8.4697,8.5873,16.3543,0,2.3841,0,2.122,2.2007,8.3819,0,1.8094,0
2.7598,449.250664541,8.5498,8.5387,16.2862,0,2.3983,0,2.5999,2.6936,10.1649,0,2.1972,0
2.7992,442.927259217,8.4499,8.3309,15.8999,0,2.355,0,3.0485,3.1393,12.0005,0,2.6584,0
2.8386,436.779392658,8.2668,8.008,15.237,0,2.1903,0,3.3433,3.44,13.8537,0,3.1746,0
2.878,430.799855455,8.1649,7.712,14.3068,0,1.8954,0,3.5291,3.561,15.8087,0,3.6848,0
2.9175,424.967261011,8.1556,7.5463,12.9363,0,1.4922,0,3.7759,3.6271,17.977,0,4.1838,0
2.9569,419.304671785,8.0894,7.4487,10.748,0,0.9273,0,4.1383,3.7722,20.2927,0,4.6909,0
2.9963,413.791003571,7.8923,7.3165,7.3678,0,0.1136,0,4.497,4.003,22.3063,0,5.1261,0
3.0357,408.420457885,7.6234,7.0725,2.6834,0,-0.9774,0,4.7857,4.3041,23.1977,0,5.3267,0
3.0752,403.174422477,7.3053,6.588,-2.664,0,-2.2615,0,5.0194,4.578,21.8267,0,5.0556,0
3.1146,398.074225904,6.9263,5.9154,-6.7865,0,-3.3433,0,5.1562,4.534,17.7823,0,4.1216,0
3.154,393.101453393,6.5612,5.4177,-8.1262,0,-3.7624,0,5.137,4.0909,12.7554,0,2.8542,0
3.1934,388.251388489,6.29,5.2957,-7.2848,0,-3.588,0,4.9996,3.5659,8.8094,0,1.8183,0
3.2329,383.507681648,6.1845,5.417,-5.7527,0,-3.2152,0,4.7744,3.1943,6.33,0,1.164,0
3.2723,378.890072426,6.3194,5.6074,-4.2538,0,-2.8481,0,4.602,3.0092,4.8042,0,0.7502,0
3.3117,374.382336564,6.5878,5.7667,-2.9195,0,-2.5063,0,4.6751,2.9501,3.8433,0,0.4814,0
3.3511,369.980598609,6.7805,5.8828,-1.7647,0,-2.2078,0,4.9979,2.944,3.251,0,0.3275,0
3.3906,365.670378104,6.781,5.9686,-0.7892,0,-1.9746,0,5.4543,2.9823,2.9011,0,0.2417,0
3.43,361.469966181,6.5541,5.9851,0.0286,0,-1.7928,0,5.9144,3.055,2.699,0,0.1768,0
3.4694,357.36495763,6.1417,5.9235,0.732,0,-1.6262,0,6.2318,3.0752,2.5901,0,0.1198,0
3.5088,353.352138623,5.6956,5.8839,1.3481,0,-1.463,0,6.3131,2.9879,2.5682,0,0.0964,0
3.5483,349.418590311,5.4117,5.9647,1.8658,0,-1.3284,0,6.2199,2.876,2.6248,0,0.1142,0
3.5877,345.581287176,5.3626,6.1331,2.2805,0,-1.2373,0,6.1728,2.8731,2.7203,0,0.1506,0
3.6271,341.827350776,5.4026,6.2377,2.6196,0,-1.1837,0,6.3694,3.0144,2.8272,0,0.1875,0
3.6665,338.15409355,5.2821,6.181,2.8996,0,-1.1623,0,6.8126,3.1578,2.9549,0,0.2185,0
3.706,334.549914733,4.8339,6.0571,3.0976,0,-1.1707,0,7.3158,3.1623,3.1024,0,0.2311,0
3.7454,331.030593261,4.0687,5.9932,3.1991,0,-1.1909,0,7.6369,3.0603,3.2187,0,0.2109,0
3.7848,327.584544494,3.114,6.0158,3.247,0,-1.2022,0,7.5928,2.9187,3.246,0,0.1689,0
3.8242,324.209503687,2.2473,6.1403,3.3224,0,-1.2083,0,7.0525,2.7707,3.1798,0,0.1236,0
3.8637,320.894992882,1.817,6.3643,3.4695,0,-1.2274,0,6.1851,2.6888,3.0772,0,0.0672,0
3.9031,317.655705465,1.8841,6.6246,3.6881,0,-1.2503,0,5.3855,2.7138,2.9725,0,-0.0337,0
3.9425,314.481162714,2.2324,6.8715,4.0113,0,-1.2276,0,4.8763,2.8275,2.8973,0,-0.182,0
3.9819,311.369442728,2.6625,7.0864,4.4238,0,-1.1299,0,4.6727,3.0182,2.9721,0,-0.3331,0
4.0214,308.311031979,3.0399,7.2334,4.7589,0,-0.972,0,4.7481,3.2789,3.2558,0,-0.4432,0
4.0608,305.31963751,3.2399,7.2778,4.8797,0,-0.7816,0,5.0269,3.5612,3.5951,0,-0.4929,0
4.1002,302.385733379,3.2028,7.2324,4.864,0,-0.5855,0,5.3672,3.8005,3.8062,0,-0.4769,0
4.1396,299.507678037,2.9702,7.1452,4.8804,0,-0.4086,0,5.6423,3.9609,3.8811,0,-0.4017,0
4.1791,296.676792611,2.603,7.0787,5.009,0,-0.268,0,5.796,4.0426,3.9367,0,-0.2787,0
4.2185,293.905886927,2.1765,7.0681,5.1849,0,-0.1792,0,5.7678,4.0983,4.0858,0,-0.1256,0
4.2579,291.186261772,1.808,7.0862,5.3067,0,-0.1393,0,5.5605,4.1683,4.2915,0,0.0232,0
4.2974,288.509792898,1.5854,7.1138,5.4233,0,-0.1071,0,5.2581,4.2332,4.471,0,0.1587,0
4.3368,285.888669987,1.5022,7.1761,5.6,0,-0.0683,0,4.9799,4.2885,4.7184,0,0.3378,0
4.3762,283.314744299,1.4794,7.2806,5.7217,0,-0.098,0,4.7736,4.3664,5.1289,0,0.6006,0
4.4156,280.786752423,1.4784,7.4062,5.6461,0,-0.2858,0,4.6188,4.479,5.6161,0,0.8748,0
4.4551,278.297228794,1.472,7.5574,5.3573,0,-0.6042,0,4.5298,4.6217,6.0241,0,1.0296,0
4.4945,275.857600178,1.4064,7.7211,4.9403,0,-0.9391,0,4.4748,4.8271,6.2263,0,1.0327,0
4.5339,273.460372748,1.2889,7.8605,4.5696,0,-1.2284,0,4.3902,5.0763,6.162,0,0.9391,0
4.5733,271.104450616,1.1402,7.9979,4.4498,0,-1.4664,0,4.262,5.3313,5.9477,0,0.7904,0
4.6128,268.782948318,0.9831,8.1953,4.592,0,-1.6626,0,4.0492,5.6187,5.8647,0,0.6159,0
4.6522,266.506595589,0.8888,8.458,4.7461,0,-1.8478,0,3.7444,6.0498,6.0585,0,0.4229,0
4.6916,264.268476426,0.9034,8.6517,4.6943,0,-2.0367,0,3.3997,6.7144,6.374,0,0.178,0
4.731,262.067635595,1.0441,8.6261,4.4615,0,-2.2061,0,3.065,7.5398,6.5908,0,-0.1591,0
4.7705,259.897701289,1.2969,8.3104,4.2062,0,-2.287,0,2.8139,8.4025,6.6287,0,-0.6166,0
4.8099,257.768765255,1.5948,7.719,4.0653,0,-2.1708,0,2.6826,9.1366,6.5483,0,-1.1421,0
4.8493,255.674423937,1.8962,6.996,4.0787,0,-1.8469,0,2.6496,9.6423,6.4786,0,-1.5801,0
4.8887,253.613840898,2.1857,6.2482,4.1727,0,-1.4331,0,2.7184,9.9863,6.5217,0,-1.856,0
4.9282,251.581101416,2.4231,5.4584,4.2488,0,-0.9948,0,2.8885,10.209,6.6608,0,-2.02,0
4.9676,249.585712215,2.5776,4.6194,4.3129,0,-0.5194,0,3.131,10.2665,6.8345,0,-2.072,0
5.007,247.621726383,2.6358,3.7947,4.3951,0,-0.0538,0,3.4281,10.113,7.0908,0,-1.9617,0
5.0464,245.68840837,2.5491,3.0647,4.4051,0,0.3119,0,3.764,9.7608,7.4836,0,-1.7204,0
5.0859,243.780252069,2.2696,2.4949,4.2414,0,0.5513,0,4.0364,9.2363,7.9116,0,-1.4276,0
5.1253,241.906226757,1.8791,2.1845,3.9989,0,0.6853,0,4.1062,8.5976,8.245,0,-1.1336,0
5.1647,240.060794238,1.5392,2.1747,3.7693,0,0.7368,0,3.9722,8.0223,8.5965,0,-0.8701,0
5.2041,238.243305086,1.3271,2.3379,3.4169,0,0.7493,0,3.7384,7.6578,9.0414,0,-0.6558,0
5.2436,236.448620032,1.2299,2.5339,2.8272,0,0.753,0,3.4857,7.4819,9.4283,0,-0.4533,0
5.283,234.685213704,1.214,2.7302,2.0766,0,0.705,0,3.2465,7.4522,9.5733,0,-0.2389,0
5.3224,232.947915226,1.2678,2.893,1.38,0,0.5758,0,3.0249,7.5953,9.4149,0,-0.0847,0
5.3618,231.236149054,1.39,2.9045,0.9044,0,0.4547,0,2.8456,7.912,9.1089,0,-0.0536,0
5.4013,229.545106548,1.5574,2.6517,0.618,0,0.4463,0,2.7357,8.2699,8.8429,0,-0.0681,0
5.4407,227.882806257,1.7361,2.1675,0.3993,0,0.5156,0,2.7043,8.4676,8.675,0,0.0012,0
5.4801,226.244408679,1.8927,1.6345,0.1716,0,0.541,0,2.7475,8.404,8.5707,0,0.1629,0
5.5195,224.629401939,1.987,1.2095,-0.0812,0,0.4922,0,2.8405,8.1585,8.4894,0,0.3279,0
5.559,223.033276489,2.0261,0.9223,-0.3575,0,0.421,0,2.9172,7.8367,8.4174,0,0.4783,0
5.5984,221.463629608,2.0768,0.7761,-0.6682,0,0.3084,0,2.9752,7.4953,8.3541,0,0.6562,0
5.6378,219.915921813,2.1352,0.7544,-1.0565,0,0.1021,0,3.0893,7.2149,8.2795,0,0.8113,0
5.6772,218.389696329,2.1176,0.7781,-1.515,0,-0.1606,0,3.2532,7.0345,8.1047,0,0.877,0
5.7167,216.880715098,2.0282,0.7947,-1.9773,0,-0.4345,0,3.3807,6.9079,7.8005,0,0.8576,0
5.7561,215.396185612,1.9134,0.8481,-2.3936,0,-0.6999,0,3.4871,6.8021,7.3546,0,0.7378,0
5.7955,213.931840911,1.7197,0.971,-2.6508,0,-0.8852,0,3.5771,6.8103,6.7696,0,0.5163,0
5.8349,212.487272104,1.4713,1.0278,-2.6831,0,-0.9542,0,3.5281,7.0427,6.2048,0,0.2752,0
5.8744,211.058488356,1.3195,0.7842,-2.5876,0,-0.9383,0,3.3468,7.3997,5.7859,0,0.0616,0
5.9138,209.652335892,1.2998,0.2036,-2.5034,0,-0.8535,0,3.1717,7.5508,5.5131,0,-0.1031,0
5.9532,208.264796076,1.3414,-0.3963,-2.4984,0,-0.7431,0,3.0538,7.2816,5.2859,0,-0.1793,0
5.9926,206.895501786,1.4193,-0.7165,-2.5268,0,-0.6745,0,2.9868,6.8018,5.0205,0,-0.1884,0
6.0321,205.540687986,1.5068,-0.818,-2.5416,0,-0.6632,0,3.0053,6.3788,4.7247,0,-0.1942,0
6.0715,204.206865519,1.5242,-0.8382,-2.5154,0,-0.6731,0,3.0946,6.0197,4.3894,0,-0.2342,0
6.1109,202.890242681,1.4673,-0.7875,-2.3961,0,-0.6653,0,3.1647,5.7005,4.0484,0,-0.2982,0
6.1503,201.590488919,1.3821,-0.669,-2.1887,0,-0.6337,0,3.2121,5.4466,3.7828,0,-0.3557,0
6.1898,200.304046011,1.2458,-0.5067,-1.9638,0,-0.6046,0,3.2355,5.2834,3.6341,0,-0.3942,0
6.2292,199.037112952,1.0975,-0.3564,-1.8001,0,-0.5895,0,3.1601,5.2352,3.5744,0,-0.4406,0
6.2686,197.786105989,1.0392,-0.2845,-1.712,0,-0.5607,0,3.0298,5.2587,3.5238,0,-0.5081,0
6.308,196.550726696,1.0588,-0.2908,-1.6562,0,-0.5044,0,2.9619,5.2783,3.4505,0,-0.5733,0
6.3475,195.327606774,1.0418,-0.3192,-1.6116,0,-0.4262,0,2.9872,5.2646,3.3603,0,-0.6228,0
6.3869,194.122654809,0.912,-0.3349,-1.5534,0,-0.3401,0,3.0069,5.2552,3.247,0,-0.6412,0
6.4263,192.932478098,0.7341,-0.3629,-1.4552,0,-0.2692,0,2.9054,5.2906,3.1543,0,-0.6418,0
6.4657,191.756806533,0.6294,-0.4646,-1.3712,0,-0.1982,0,2.6985,5.3645,3.1327,0,-0.6468,0
6.5052,190.592446658,0.6321,-0.665,-1.3721,0,-0.1115,0,2.4768,5.3993,3.1282,0,-0.6305,0
6.5446,189.445036213,0.7169,-0.8938,-1.4242,0,-0.0411,0,2.29,5.3438,3.0515,0,-0.5762,0
6.584,188.311358445,0.8596,-1.1351,-1.444,0,-0.007,0,2.1685,5.2516,2.909,0,-0.5139,0
6.6234,187.191168282,1.022,-1.4277,-1.4155,0,0.0004,0,2.1407,5.0611,2.7617,0,-0.4618,0
6.6629,186.08143361,1.1401,-1.6352,-1.3715,0,-0.0069,0,2.211,4.6948,2.6258,0,-0.4296,0
6.7023,184.987539203,1.1536,-1.6527,-1.3121,0,-0.0138,0,2.3291,4.3215,2.4808,0,-0.4204,0
6.7417,183.906430722,1.0552,-1.603,-1.218,0,-0.0059,0,2.41,4.0532,2.3409,0,-0.4244,0
6.7811,182.837885299,0.8978,-1.5657,-1.1006,0,0.0205,0,2.3864,3.8079,2.2292,0,-0.4249,0
6.8206,181.779020028,0.7711,-1.482,-0.9737,0,0.0523,0,2.2428,3.5489,2.143,0,-0.408,0
6.86,180.73498309,0.749,-1.33,-0.8401,0,0.0697,0,2.0411,3.3415,2.0888,0,-0.3806,0
6.8994,179.702870395,0.8235,-1.1696,-0.7228,0,0.0803,0,1.8731,3.2197,2.0727,0,-0.3664,0
6.9388,178.682478815,0.9299,-1.0472,-0.6394,0,0.1074,0,1.7708,3.1477,2.0676,0,-0.3537,0
6.9783,177.671063726,1.0306,-0.9606,-0.5725,0,0.1362,0,1.7076,3.0875,2.0498,0,-0.3162,0
7.0177,176.673551733,1.1245,-0.8933,-0.5,0,0.1426,0,1.6631,3.0233,2.0278,0,-0.2696,0
7.0571,175.687178019,1.2214,-0.8287,-0.4251,0,0.1354,0,1.6295,2.9549,2.0218,0,-0.2315,0
7.0965,174.711757063,1.326,-0.7652,-0.37,0,0.1208,0,1.6168,2.8941,2.0331,0,-0.196,0
7.136,173.744672646,1.4338,-0.7087,-0.3434,0,0.0914,0,1.6315,2.8395,2.0371,0,-0.1691,0
7.1754,172.790643588,1.5372,-0.6652,-0.3292,0,0.0583,0,1.6867,2.7878,2.0152,0,-0.1662,0
7.2148,171.847034429,1.6019,-0.635,-0.3001,0,0.0415,0,1.7922,2.7189,1.9651,0,-0.1794,0
7.2542,170.913675388,1.5916,-0.5806,-0.2322,0,0.0421,0,1.9126,2.6221,1.9147,0,-0.189,0
7.2937,169.988069704,1.51,-0.4896,-0.1491,0,0.0461,0,1.9955,2.5448,1.9051,0,-0.1875,0
7.3331,169.074741105,1.3901,-0.3922,-0.0863,0,0.0449,0,2.005,2.4976,1.9212,0,-0.182,0
7.3725,168.1711745,1.2849,-0.2932,-0.0429,0,0.0386,0,1.9258,2.4738,1.9466,0,-0.181,0
7.4119,167.27721421,1.2544,-0.21,-0.0308,0,0.0365,0,1.7881,2.487,1.9809,0,-0.1893,0
7.4514,166.39047481,1.3067,-0.1715,-0.0583,0,0.0461,0,1.6636,2.5084,1.9866,0,-0.1967,0
7.4908,165.515296631,1.4055,-0.1538,-0.0826,0,0.0598,0,1.5837,2.4962,1.9326,0,-0.1934,0
7.5302,164.649276779,1.5276,-0.1134,-0.0485,0,0.067,0,1.5595,2.4641,1.8487,0,-0.1841,0
7.5696,163.792272247,1.6273,-0.0512,0.0378,0,0.0694,0,1.6048,2.4507,1.8028,0,-0.181,0
7.6091,162.942001551,1.658,0.0125,0.119,0,0.0804,0,1.6676,2.4658,1.8111,0,-0.1835,0
7.6485,162.102632412,1.6578,0.0572,0.1683,0,0.1038,0,1.6793,2.5183,1.8357,0,-0.1771,0
7.6879,161.2718667,1.6975,0.0403,0.2042,0,0.1278,0,1.6626,2.5949,1.8548,0,-0.1512,0
7.7273,160.449572813,1.7713,-0.0511,0.2382,0,0.1344,0,1.6864,2.627,1.881,0,-0.1085,0
7.7668,159.633566462,1.8236,-0.1517,0.2565,0,0.1148,0,1.7633,2.5636,1.9215,0,-0.0701,0
7.8062,158.827852732,1.8171,-0.1909,0.2476,0,0.0871,0,1.8611,2.4387,1.9641,0,-0.0521,0
7.8456,158.030231467,1.75,-0.1543,0.2088,0,0.063,0,1.9294,2.3131,1.9959,0,-0.0407,0
7.885,157.240581357,1.6658,-0.0713,0.1381,0,0.0332,0,1.9331,2.23,1.9936,0,-0.0365,0
7.9245,156.456809136,1.6075,0.0244,0.0762,0,0.009,0,1.8926,2.1948,1.9237,0,-0.0498,0
7.9639,155.682766484,1.5833,0.1054,0.077,0,0.0013,0,1.8357,2.2072,1.8251,0,-0.0644,0
8.0033,154.916345008,1.5895,0.1387,0.1209,0,-0.0049,0,1.7817,2.2419,1.7561,0,-0.0704,0
8.0427,154.157432703,1.6093,0.1372,0.1752,0,-0.012,0,1.7432,2.246,1.7106,0,-0.0823,0
8.0822,153.404021677,1.6337,0.1487,0.2395,0,-0.0057,0,1.7079,2.2172,1.6896,0,-0.0944,0
8.1216,152.659818755,1.6786,0.1951,0.2913,0,0.0037,0,1.6792,2.1898,1.7061,0,-0.0898,0
8.161,151.922801617,1.7229,0.2578,0.2983,0,0.0008,0,1.6883,2.2011,1.7327,0,-0.079,0
8.2004,151.192866689,1.7281,0.2961,0.2791,0,-0.0095,0,1.7037,2.2515,1.7208,0,-0.0708,0
8.2399,150.468086263,1.7233,0.293,0.2867,0,-0.0305,0,1.679,2.3127,1.677,0,-0.0646,0
8.2793,149.752030244,1.756,0.2461,0.3164,0,-0.0631,0,1.6379,2.3657,1.653,0,-0.077,0
8.3187,149.042757162,1.8101,0.1597,0.3314,0,-0.0789,0,1.6284,2.3796,1.6366,0,-0.1172,0
8.3581,148.340171092,1.8421,0.0695,0.3496,0,-0.0615,0,1.6365,2.3303,1.6002,0,-0.1522,0
8.3976,147.642419739,1.8698,0.0172,0.3902,0,-0.0389,0,1.6185,2.2334,1.5683,0,-0.1589,0
8.437,146.952943463,1.9371,0.0182,0.4305,0,-0.0344,0,1.5984,2.1225,1.5534,0,-0.1586,0
8.4764,146.269876835,2.0257,0.0709,0.4703,0,-0.0364,0,1.6288,2.0294,1.5328,0,-0.1716,0
8.5159,145.591421224,2.0791,0.1503,0.529,0,-0.0271,0,1.7087,1.987,1.5191,0,-0.1943,0
8.5553,144.920924339,2.0723,0.2082,0.5937,0,-0.004,0,1.7916,1.9961,1.5347,0,-0.2131,0
8.5947,144.256574866,2.0175,0.2163,0.6432,0,0.0273,0,1.8333,2.0146,1.5775,0,-0.2213,0
8.6341,143.598288646,1.9623,0.1946,0.6582,0,0.0613,0,1.8005,1.997,1.6391,0,-0.2157,0
8.6736,142.944334994,1.9736,0.1888,0.6259,0,0.0892,0,1.7178,1.9373,1.6868,0,-0.1943,0
8.713,142.297943762,2.0624,0.2263,0.575,0,0.0991,0,1.6622,1.8668,1.6843,0,-0.1637,0
8.7524,141.657372149,2.1762,0.3038,0.5465,0,0.0893,0,1.6742,1.8228,1.643,0,-0.1436,0
8.7918,141.022541914,2.2657,0.388,0.5504,0,0.0816,0,1.7394,1.8307,1.5892,0,-0.1458,0
8.8313,140.391786487,2.3092,0.441,0.5871,0,0.0932,0,1.8218,1.877,1.5394,0,-0.1505,0
8.8707,139.768223928,2.3233,0.4488,0.6501,0,0.1108,0,1.88,1.9314,1.5152,0,-0.1385,0
8.9101,139.150176092,2.3499,0.4177,0.7159,0,0.1166,0,1.9139,1.9636,1.53,0,-0.1169,0
8.9495,138.537570144,2.399,0.3765,0.757,0,0.1125,0,1.9563,1.9535,1.5767,0,-0.1,0
8.989,137.928800089,2.4607,0.3566,0.7572,0,0.108,0,2.0201,1.9147,1.6294,0,-0.088,0
9.0284,137.326877852,2.5271,0.3604,0.729,0,0.1016,0,2.1243,1.8738,1.6569,0,-0.0735,0
9.0678,136.730186374,2.5511,0.3787,0.6989,0,0.0846,0,2.2839,1.8394,1.6575,0,-0.0607,0
9.1072,136.138657765,2.4918,0.4024,0.6751,0,0.0607,0,2.4419,1.8176,1.6446,0,-0.064,0
9.1467,135.550743328,2.3853,0.4196,0.651,0,0.047,0,2.5358,1.8031,1.6217,0,-0.0851,0
9.1861,134.969354133,2.292,0.4324,0.6312,0,0.0546,0,2.5681,1.7817,1.5758,0,-0.1099,0
9.2255,134.392930898,2.2407,0.4567,0.6385,0,0.0781,0,2.5771,1.7537,1.5106,0,-0.1211,0
9.2649,133.821410269,2.2208,0.4955,0.6769,0,0.1013,0,2.6029,1.7392,1.452,0,-0.1143,0
9.3044,133.253297795,2.2006,0.5256,0.7343,0,0.1156,0,2.6547,1.7481,1.4091,0,-0.0995,0
9.3438,132.691408635,2.1684,0.5291,0.8038,0,0.1232,0,2.7166,1.7573,1.3862,0,-0.083,0
9.3832,132.134238213,2.1265,0.5225,0.8748,0,0.1255,0,2.7918,1.7413,1.3866,0,-0.0647,0
9.4226,131.581727336,2.0458,0.5332,0.9376,0,0.1204,0,2.8853,1.7062,1.4052,0,-0.0472,0
9.4621,131.032432969,1.9032,0.5658,0.9876,0,0.1107,0,2.947,1.6758,1.4345,0,-0.0353,0
9.5015,130.489078988,1.7465,0.6056,1.0262,0,0.0998,0,2.9223,1.6601,1.4656,0,-0.0277,0
9.5409,129.950212663,1.6501,0.6431,1.0611,0,0.0879,0,2.8332,1.6518,1.4959,0,-0.0243,0
9.5803,129.415778629,1.6253,0.6846,1.0949,0,0.077,0,2.7495,1.6433,1.5326,0,-0.0275,0
9.6198,128.884382627,1.6396,0.7417,1.121,0,0.0721,0,2.6979,1.6451,1.5799,0,-0.035,0
9.6592,128.358661587,1.678,0.8021,1.1281,0,0.0744,0,2.6871,1.6821,1.6343,0,-0.0412,0
9.6986,127.837211969,1.7037,0.8271,1.1115,0,0.0801,0,2.737,1.7531,1.6778,0,-0.0428,0
9.738,127.319981926,1.6732,0.7942,1.0897,0,0.0859,0,2.8089,1.814,1.6933,0,-0.0398,0
9.7775,126.805623523,1.6077,0.7383,1.0871,0,0.0879,0,2.8544,1.8163,1.6921,0,-0.0325,0
9.8169,126.296690809,1.5321,0.7174,1.105,0,0.083,0,2.8819,1.7749,1.6997,0,-0.0282,0
9.8563,125.791826953,1.4455,0.736,1.1232,0,0.0816,0,2.8856,1.7418,1.7282,0,-0.0345,0
9.8957,125.290983356,1.377,0.7647,1.1247,0,0.0949,0,2.8574,1.7291,1.7665,0,-0.0394,0
9.9352,124.792856108,1.3383,0.7914,1.1087,0,0.1133,0,2.8402,1.7272,1.7973,0,-0.028,0
9.9746,124.299920197,1.2877,0.8142,1.0887,0,0.1219,0,2.8489,1.731,1.8099,0,-0.0045,0
10.014,123.810863192,1.2103,0.8346,1.0799,0,0.1188,0,2.8442,1.7344,1.8112,0,0.0215,0
10.0534,123.325639485,1.1344,0.8597,1.0822,0,0.1034,0,2.8135,1.7375,1.8156,0,0.0467,0
10.0929,122.84298705,1.0658,0.8894,1.0862,0,0.0756,0,2.7747,1.7504,1.8252,0,0.0615,0
10.1323,122.365305409,0.9967,0.9121,1.0947,0,0.0479,0,2.7187,1.7745,1.8344,0,0.058,0
10.1717,121.891324361,0.9563,0.9249,1.1101,0,0.0325,0,2.6388,1.7992,1.8556,0,0.0461,0
10.2111,121.421001067,0.9462,0.9322,1.1137,0,0.026,0,2.5839,1.8214,1.8931,0,0.0372,0
10.2506,120.953113379,0.9106,0.9359,1.0995,0,0.0214,0,2.5518,1.8387,1.9251,0,0.0328,0
10.29,120.489988727,0.8575,0.9455,1.0838,0,0.0158,0,2.476,1.8485,1.9447,0,0.0309,0
10.3294,120.030397119,0.8576,0.9675,1.0764,0,0.0066,0,2.3654,1.8656,1.9633,0,0.0286,0
10.3688,119.574298279,0.9111,0.9883,1.0672,0,-0.0052,0,2.295,1.9021,1.9946,0,0.0215,0
10.4083,119.120508056,0.9559,0.9933,1.0373,0,-0.0128,0,2.2774,1.9506,2.0294,0,0.0055,0
10.4477,118.671284972,0.9705,0.9797,0.9943,0,-0.0072,0,2.2698,2.0003,2.0419,0,-0.0118,0
10.4871,118.225437347,0.9751,0.9484,0.9625,0,0.0052,0,2.255,2.0433,2.0353,0,-0.017,0
10.5265,117.782927279,0.9751,0.9021,0.9488,0,0.0127,0,2.2419,2.0713,2.0284,0,-0.0142,0
10.566,117.342606852,0.9606,0.8494,0.9405,0,0.0164,0,2.223,2.0738,2.0366,0,-0.0103,0
10.6054,116.906668678,0.9461,0.8125,0.9159,0,0.0177,0,2.177,2.0473,2.0531,0,-0.0031,0
10.6448,116.473957613,0.9627,0.8114,0.8801,0,0.0106,0,2.1164,2.0165,2.0509,0,0.0059,0
10.6842,116.044437955,1.0081,0.8296,0.8569,0,-0.0052,0,2.078,2.0152,2.034,0,0.0059,0
10.7237,115.616996373,1.0477,0.8304,0.8453,0,-0.0153,0,2.0695,2.0389,2.02,0,-0.0079,0
10.7631,115.193762392,1.0725,0.8077,0.8403,0,-0.0125,0,2.0601,2.055,2.0071,0,-0.0203,0
10.8025,114.773615737,1.1102,0.7848,0.8456,0,-0.0087,0,2.0455,2.051,2.0026,0,-0.0241,0
10.8419,114.35652275,1.1612,0.7777,0.8463,0,-0.0099,0,2.0607,2.0426,2.0184,0,-0.0282,0
10.8814,113.941403128,1.1826,0.7761,0.8216,0,-0.0094,0,2.1114,2.0479,2.0384,0,-0.0379,0
10.9208,113.530325983,1.154,0.76,0.7811,0,-0.0002,0,2.1513,2.0597,2.0332,0,-0.0479,0
10.9602,113.122204339,1.11,0.7364,0.7559,0,0.0134,0,2.1432,2.0543,2.0013,0,-0.0471,0
10.9996,112.717006437,1.0949,0.7261,0.7578,0,0.019,0,2.1014,2.0385,1.9686,0,-0.0391,0
11.0391,112.313683543,1.1169,0.7288,0.7753,0,0.0175,0,2.064,2.0274,1.9504,0,-0.0348,0
11.0785,111.914246875,1.1546,0.7381,0.7965,0,0.0159,0,2.0529,2.0265,1.9491,0,-0.0352,0
11.1179,111.517641281,1.184,0.7441,0.8141,0,0.0173,0,2.0646,2.0396,1.9617,0,-0.0376,0
11.1573,111.123836771,1.1945,0.7383,0.8234,0,0.0217,0,2.0808,2.0568,1.9862,0,-0.0378,0
11.1968,110.731814804,1.1998,0.7265,0.8169,0,0.0244,0,2.0827,2.0701,2.0173,0,-0.0336,0
11.2362,110.343531087,1.2202,0.7124,0.7968,0,0.0228,0,2.0823,2.0831,2.0419,0,-0.03,0
11.2756,109.957960907,1.2451,0.6925,0.7719,0,0.0194,0,2.1021,2.0957,2.0606,0,-0.0301,0
11.315,109.575075917,1.2518,0.6656,0.7389,0,0.0175,0,2.1339,2.1031,2.0759,0,-0.0335,0
11.3545,109.193886477,1.2425,0.6363,0.6996,0,0.0192,0,2.1556,2.1001,2.0784,0,-0.0384,0
11.3939,108.816295035,1.2355,0.6132,0.6622,0,0.0236,0,2.1643,2.0878,2.0696,0,-0.041,0
11.4333,108.44130601,1.2342,0.5986,0.6272,0,0.0281,0,2.174,2.0745,2.0504,0,-0.0424,0
11.4727,108.068892588,1.2301,0.5888,0.6048,0,0.0351,0,2.1847,2.0641,2.0175,0,-0.0438,0
11.5122,107.698092806,1.2263,0.5812,0.6018,0,0.0448,0,2.1888,2.0579,1.9879,0,-0.0396,0
11.5516,107.33075799,1.2319,0.5699,0.6047,0,0.0499,0,2.1907,2.0566,1.9711,0,-0.0305,0
11.591,106.965920456,1.2455,0.5517,0.6072,0,0.0511,0,2.2013,2.0518,1.9587,0,-0.0225,0
11.6304,106.603554822,1.258,0.5346,0.6136,0,0.0519,0,2.2248,2.0375,1.9515,0,-0.0137,0
11.6699,106.242725645,1.2607,0.5266,0.6187,0,0.0485,0,2.2575,2.0204,1.9562,0,-0.0025,0
11.7093,105.885235155,1.2491,0.5211,0.61,0,0.0387,0,2.2903,2.0086,1.9684,0,0.0056,0
11.7487,105.530142399,1.2297,0.5132,0.5866,0,0.0277,0,2.312,1.992,1.97,0,0.0059,0
11.7881,105.177423334,1.2167,0.519,0.5682,0,0.0226,0,2.3246,1.9671,1.9532,0,0.0018,0
11.8276,104.826167946,1.2109,0.5442,0.566,0,0.0217,0,2.343,1.9567,1.9365,0,0.0024,0
11.867,104.478131288,1.2007,0.5671,0.5662,0,0.0154,0,2.3704,1.9734,1.9311,0,0.0072,0
11.9064,104.132398038,1.1787,0.5681,0.5616,0,0.0044,0,2.3987,2.0039,1.9263,0,0.0055,0
11.9458,103.788945403,1.1513,0.5481,0.5598,0,-0.0027,0,2.4179,2.0269,1.9199,0,-0.0016,0
11.9853,103.446887771,1.1251,0.523,0.5597,0,-0.0066,0,2.4332,2.0339,1.9195,0,-0.0081,0
12.0247,103.107934834,1.0967,0.5042,0.5545,0,-0.01,0,2.4454,2.034,1.9224,0,-0.0155,0
12.0641,102.771195862,1.0714,0.4876,0.544,0,-0.0111,0,2.4505,2.037,1.9234,0,-0.025,0
12.1035,102.436649234,1.0516,0.4643,0.5322,0,-0.007,0,2.458,2.0406,1.9184,0,-0.0348,0
12.143,102.10343276,1.0295,0.4353,0.5254,0,0.0002,0,2.4686,2.0339,1.9085,0,-0.0392,0
12.1824,101.773212503,1.0053,0.4133,0.5277,0,0.0041,0,2.4752,2.0145,1.9001,0,-0.0398,0
12.2218,101.445121341,0.988,0.4054,0.5353,0,0.0063,0,2.4783,1.9941,1.9033,0,-0.0431,0
12.2612,101.119138747,0.9797,0.405,0.5346,0,0.0121,0,2.4918,1.9833,1.9203,0,-0.0467,0
12.3007,100.794425033,0.9623,0.4015,0.5159,0,0.0185,0,2.525,1.9818,1.9383,0,-0.0454,0
12.3401,100.472604274,0.9197,0.3913,0.4874,0,0.0202,0,2.5608,1.9815,1.9421,0,-0.0424,0
12.3795,100.152832021,0.8583,0.3777,0.4619,0,0.0197,0,2.5801,1.9779,1.9337,0,-0.0439,0
12.4189,99.835088776,0.7915,0.3646,0.4434,0,0.0238,0,2.5771,1.9704,1.9187,0,-0.0487,0
12.4584,99.518556476,0.7333,0.3557,0.4355,0,0.0332,0,2.5515,1.9616,1.9022,0,-0.0492,0
12.4978,99.2048187681,0.6954,0.3489,0.4334,0,0.0413,0,2.5163,1.9575,1.8946,0,-0.0422,0
12.5372,98.8930529943,0.6707,0.338,0.4272,0,0.0417,0,2.4872,1.9571,1.8932,0,-0.0315,0
12.5767,98.5824567653,0.6509,0.3215,0.4183,0,0.0335,0,2.4594,1.955,1.8906,0,-0.0261,0
12.6161,98.2745843803,0.6433,0.3019,0.4088,0,0.0267,0,2.433,1.9465,1.8904,0,-0.0315,0
12.6555,97.9686289755,0.6439,0.2871,0.3938,0,0.0297,0,2.424,1.9301,1.8913,0,-0.0397,0
12.6949,97.6645727024,0.632,0.2822,0.3748,0,0.0387,0,2.4309,1.9152,1.8871,0,-0.041,0
12.7344,97.361633371,0.604,0.2792,0.3565,0,0.0454,0,2.433,1.9097,1.8781,0,-0.0353,0
12.7738,97.0613274045,0.5734,0.2689,0.3399,0,0.046,0,2.4251,1.9091,1.8663,0,-0.0268,0
12.8132,96.7628682921,0.5415,0.2512,0.3243,0,0.0394,0,2.4128,1.9042,1.852,0,-0.021,0
12.8526,96.4662390489,0.509,0.234,0.3119,0,0.0307,0,2.3886,1.8908,1.8329,0,-0.0246,0
12.8921,96.1706769262,0.4914,0.2234,0.3089,0,0.0306,0,2.3529,1.8745,1.8129,0,-0.0348,0
12.9315,95.8776618335,0.4915,0.2161,0.3096,0,0.0388,0,2.3264,1.8617,1.8029,0,-0.0401,0
12.9709,95.5864268478,0.4923,0.2075,0.3028,0,0.0462,0,2.315,1.8497,1.7955,0,-0.0391,0
13.0103,95.2969557966,0.4874,0.2011,0.2983,0,0.0518,0,2.308,1.836,1.7794,0,-0.037,0
13.0498,95.0085046514,0.4808,0.1962,0.3044,0,0.0576,0,2.303,1.8262,1.7691,0,-0.0335,0
13.0892,94.7225181065,0.4716,0.1864,0.3072,0,0.0618,0,2.3005,1.8168,1.7717,0,-0.0277,0
13.1286,94.4382480996,0.4613,0.1779,0.2985,0,0.0641,0,2.2986,1.7992,1.7754,0,-0.0215,0
13.168,94.1556792224,0.4493,0.18,0.286,0,0.0658,0,2.3018,1.7814,1.7713,0,-0.0144,0
13.2075,93.8740854817,0.4278,0.1869,0.2771,0,0.063,0,2.3086,1.7737,1.7636,0,-0.0056,0
13.2469,93.594877594,0.3966,0.1902,0.2715,0,0.0556,0,2.3079,1.7733,1.7568,0,-0.0019,0
13.2863,93.3173256663,0.3669,0.1893,0.2685,0,0.0521,0,2.2964,1.7772,1.7534,0,-0.0045,0
13.3257,93.0414150101,0.3422,0.1811,0.2638,0,0.0543,0,2.2848,1.7858,1.7583,0,-0.0055,0
13.3652,92.7664370155,0.3133,0.1615,0.2475,0,0.0567,0,2.2747,1.792,1.7691,0,-0.0016,0
13.4046,92.4937696015,0.2787,0.1349,0.2149,0,0.0561,0,2.2554,1.7876,1.773,0,0.0042,0
13.444,92.2227003868,0.2511,0.1104,0.1758,0,0.0527,0,2.2223,1.77,1.7557,0,0.01,0
13.4834,91.9532153611,0.239,0.0993,0.1517,0,0.046,0,2.1881,1.7448,1.7184,0,0.0135,0
13.5229,91.6846226771,0.2337,0.1003,0.1502,0,0.0386,0,2.1639,1.7294,1.6835,0,0.012,0
13.5623,91.4182685828,0.2264,0.0967,0.155,0,0.0353,0,2.145,1.7275,1.6647,0,0.0072,0
13.6017,91.1534575825,0.2181,0.0795,0.1526,0,0.0361,0,2.1275,1.7266,1.6518,0,0.0035,0
13.6411,90.8901763054,0.2078,0.0534,0.1476,0,0.0392,0,2.1119,1.7142,1.6348,0,0.0024,0
13.6806,90.6277490753,0.1945,0.0312,0.1467,0,0.0422,0,2.0939,1.6861,1.6159,0,0.006,0
13.72,90.3674915452,0.1847,0.024,0.1503,0,0.04,0,2.0709,1.6511,1.5989,0,0.0125,0
13.7594,90.1087245083,0.1809,0.0295,0.1561,0,0.032,0,2.0517,1.622,1.5869,0,0.0154,0
13.7988,89.8514351973,0.1728,0.0395,0.1603,0,0.0243,0,2.0391,1.6015,1.5798,0,0.0113,0
13.8383,89.5949635432,0.1579,0.0512,0.1609,0,0.022,0,2.0203,1.587,1.5743,0,0.0039,0
13.8777,89.3405956318,0.1482,0.0647,0.1597,0,0.0244,0,1.9915,1.5802,1.568,0,-0.002,0
13.9171,89.0876679768,0.1512,0.075,0.1587,0,0.0291,0,1.9623,1.5847,1.5618,0,-0.0049,0
13.9565,88.8361683803,0.1623,0.0723,0.1561,0,0.0344,0,1.943,1.5967,1.5578,0,-0.0033,0
13.996,88.5854518434,0.1713,0.0545,0.1493,0,0.0359,0,1.9352,1.603,1.552,0,0.0022,0
14.0354,88.3367758667,0.1731,0.0328,0.1441,0,0.0314,0,1.9315,1.5948,1.5413,0,0.0061,0
14.0748,88.089492142,0.171,0.0175,0.1426,0,0.0251,0,1.9266,1.5787,1.5324,0,0.0048,0
14.1142,87.8435890096,0.1683,0.0082,0.1387,0,0.0212,0,1.9224,1.5614,1.5257,0,-0.0011,0
14.1537,87.5984360273,0.1621,0.0022,0.1347,0,0.0213,0,1.9207,1.5455,1.515,0,-0.0089,0
14.1931,87.3552630504,0.1507,-0.0032,0.1364,0,0.0255,0,1.9176,1.5312,1.505,0,-0.0167,0
14.2325,87.1134364307,0.1363,-0.008,0.1389,0,0.0348,0,1.9106,1.5162,1.5024,0,-0.0231,0
14.2719,86.8729450178,0.1209,-0.0106,0.1352,0,0.0491,0,1.8983,1.5019,1.5036,0,-0.0233,0
14.3114,86.633172436,0.1105,-0.0136,0.1253,0,0.0616,0,1.8799,1.4904,1.5027,0,-0.0137,0
14.3508,86.3953217939,0.1094,-0.0188,0.1128,0,0.0656,0,1.8648,1.4781,1.4972,0,0.0006,0
14.3902,86.1587736098,0.1066,-0.0234,0.1001,0,0.0624,0,1.8624,1.4637,1.4875,0,0.0123,0
14.4296,85.9235172146,0.0878,-0.0266,0.0884,0,0.0564,0,1.8615,1.4488,1.4738,0,0.0199,0
14.4691,85.688949831,0.0618,-0.028,0.0799,0,0.0497,0,1.8427,1.4334,1.4561,0,0.0237,0
14.5085,85.4562486818,0.0495,-0.0278,0.0773,0,0.0445,0,1.8095,1.4195,1.4366,0,0.0246,0
14.5479,85.2248079792,0.0556,-0.0274,0.0817,0,0.0414,0,1.7813,1.4062,1.4199,0,0.0251,0
14.5873,84.9946175098,0.0668,-0.0253,0.0887,0,0.0386,0,1.7702,1.3931,1.4123,0,0.0273,0
14.6268,84.7650876473,0.0663,-0.0213,0.088,0,0.0341,0,1.7715,1.3832,1.4122,0,0.0294,0
14.6662,84.5373705527,0.0502,-0.0191,0.0781,0,0.028,0,1.7679,1.3775,1.407,0,0.03,0
14.7056,84.3108736808,0.0307,-0.0213,0.07,0,0.0214,0,1.7489,1.3734,1.3929,0,0.0277,0
14.745,84.0855872499,0.0212,-0.0287,0.0677,0,0.0172,0,1.7186,1.3667,1.3784,0,0.0221,0
14.7845,83.8609343569,0.0269,-0.0362,0.0667,0,0.0167,0,1.6872,1.3524,1.3652,0,0.0164,0
14.8239,83.6380428902,0.0449,-0.0353,0.0682,0,0.0183,0,1.6666,1.3352,1.3511,0,0.0127,0
14.8633,83.4163331158,0.0639,-0.0296,0.0745,0,0.0202,0,1.6624,1.3259,1.3398,0,0.0106,0
14.9027,83.1957956612,0.0721,-0.0293,0.082,0,0.0224,0,1.6695,1.3233,1.3363,0,0.0098,0
14.9422,82.9758659367,0.0672,-0.0367,0.0831,0,0.0235,0,1.6756,1.3187,1.3403,0,0.0107,0
14.9816,82.7576483153,0.0571,-0.0467,0.0719,0,0.0227,0,1.6728,1.3069,1.3442,0,0.0115,0
15.021,82.540575461,0.0516,-0.0518,0.0529,0,0.0212,0,1.6639,1.2879,1.3361,0,0.0112,0
15.0604,82.3246383894,0.0525,-0.0473,0.0392,0,0.0196,0,1.6585,1.2702,1.315,0,0.0099,0
15.0999,82.1092844323,0.0522,-0.0414,0.0362,0,0.0179,0,1.6615,1.262,1.2904,0,0.0071,0
15.1393,81.8955951728,0.0435,-0.0427,0.0419,0,0.0175,0,1.6692,1.2559,1.2685,0,0.0023,0
15.1787,81.683015278,0.0258,-0.0451,0.0528,0,0.0209,0,1.6747,1.2439,1.2528,0,-0.0037,0
15.2181,81.4715361313,0.0011,-0.0421,0.0639,0,0.0286,0,1.6749,1.2315,1.2442,0,-0.0066,0
15.2576,81.2606166107,-0.0288,-0.0386,0.0718,0,0.0359,0,1.6662,1.2241,1.2397,0,-0.0031,0
15.297,81.0513162058,-0.0586,-0.0373,0.0779,0,0.0378,0,1.6444,1.2173,1.2356,0,0.0028,0
15.3364,80.8430912078,-0.0789,-0.0359,0.0841,0,0.0354,0,1.611,1.2105,1.2343,0,0.0057,0
15.3758,80.6359333498,-0.084,-0.0344,0.0861,0,0.0333,0,1.5755,1.2055,1.2377,0,0.0045,0
15.4153,80.4293126958,-0.0787,-0.0335,0.0795,0,0.0339,0,1.5486,1.203,1.2399,0,0.0007,0
15.4547,80.2242673103,-0.0717,-0.0368,0.0688,0,0.0385,0,1.5304,1.2043,1.2327,0,-0.0034,0
15.4941,80.0202647459,-0.0651,-0.0485,0.0647,0,0.047,0,1.518,1.2045,1.2161,0,-0.0046,0
15.5335,79.8172970676,-0.0605,-0.0648,0.073,0,0.0561,0,1.5127,1.1956,1.2003,0,-0.0004,0
15.573,79.6148451808,-0.0645,-0.0767,0.0882,0,0.0625,0,1.5134,1.1783,1.1963,0,0.0072,0
15.6124,79.4139263662,-0.0809,-0.0822,0.0984,0,0.0666,0,1.5103,1.1604,1.2052,0,0.0162,0
15.6518,79.2140190905,-0.101,-0.0854,0.0962,0,0.0684,0,1.4934,1.1441,1.2191,0,0.0271,0
15.6912,79.0151157337,-0.1128,-0.088,0.0823,0,0.0659,0,1.4673,1.1281,1.2287,0,0.0395,0
15.7307,78.8167077117,-0.1167,-0.0895,0.0629,0,0.0573,0,1.4416,1.1113,1.2286,0,0.0502,0
15.7701,78.6197921383,-0.1165,-0.0879,0.0435,0,0.0449,0,1.4165,1.0939,1.2191,0,0.0548,0
15.8095,78.42385806,-0.1096,-0.0833,0.0294,0,0.0346,0,1.3916,1.0799,1.2012,0,0.052,0
15.8489,78.228898157,-0.0945,-0.081,0.024,0,0.0302,0,1.3735,1.07,1.1813,0,0.0471,0
15.8884,78.0344140379,-0.0781,-0.0826,0.0235,0,0.0291,0,1.3682,1.0579,1.1647,0,0.0449,0
15.9278,77.8413832419,-0.0695,-0.0819,0.025,0,0.0277,0,1.3744,1.0413,1.1494,0,0.0446,0
15.9672,77.6493050754,-0.076,-0.0761,0.029,0,0.0248,0,1.385,1.026,1.1357,0,0.0442,0
16.0066,77.4581725038,-0.0979,-0.0699,0.0341,0,0.0217,0,1.3865,1.0149,1.1242,0,0.0418,0
16.0461,77.2674970242,-0.1215,-0.0646,0.0409,0,0.021,0,1.3692,1.004,1.113,0,0.0376,0
16.0855,77.0782371701,-0.1326,-0.0572,0.0518,0,0.0235,0,1.3426,0.9946,1.1034,0,0.0343,0
16.1249,76.8899022009,-0.1345,-0.0514,0.0673,0,0.0274,0,1.32,0.9901,1.0997,0,0.0335,0
16.1643,76.7024853535,-0.1353,-0.0508,0.0837,0,0.0318,0,1.3011,0.9859,1.1061,0,0.0351,0
16.2038,76.5155077204,-0.1361,-0.0521,0.0944,0,0.0357,0,1.2826,0.9776,1.1234,0,0.0391,0
16.2432,76.3299093775,-0.1359,-0.0509,0.0929,0,0.0383,0,1.2627,0.967,1.1481,0,0.0457,0
16.2826,76.1452092418,-0.1302,-0.047,0.0749,0,0.0371,0,1.2411,0.9578,1.172,0,0.0546,0
16.322,75.9614008087,-0.1163,-0.0434,0.0445,0,0.0314,0,1.2258,0.9519,1.1848,0,0.0618,0
16.3615,75.7780144852,-0.1044,-0.0427,0.0109,0,0.0245,0,1.2245,0.9473,1.1832,0,0.065,0
16.4009,75.5959724161,-0.1066,-0.0447,-0.0189,0,0.019,0,1.2279,0.9419,1.1708,0,0.0663,0
16.4403,75.4148028929,-0.1171,-0.0489,-0.0432,0,0.0141,0,1.221,0.9342,1.1521,0,0.068,0
16.4797,75.2344996572,-0.122,-0.0529,-0.0617,0,0.0082,0,1.2066,0.9229,1.1298,0,0.07,0
16.5192,75.0546021599,-0.1225,-0.0548,-0.0743,0,0.0005,0,1.1972,0.9096,1.1063,0,0.07,0
16.5586,74.8760151221,-0.1293,-0.0549,-0.0823,0,-0.0062,0,1.1918,0.8957,1.0841,0,0.0665,0
16.598,74.6982759369,-0.1434,-0.0529,-0.0885,0,-0.0094,0,1.1801,0.8812,1.0644,0,0.0626,0
16.6374,74.5213785808,-0.1562,-0.0488,-0.0956,0,-0.0117,0,1.1576,0.8675,1.0453,0,0.0609,0
16.6769,74.344871289,-0.1601,-0.0439,-0.1024,0,-0.0156,0,1.1291,0.8549,1.0231,0,0.0597,0
16.7163,74.1696418466,-0.1537,-0.0371,-0.1041,0,-0.0201,0,1.1023,0.843,0.9982,0,0.057,0
16.7557,73.9952364867,-0.1424,-0.0298,-0.1002,0,-0.0239,0,1.0841,0.8345,0.9762,0,0.0527,0
16.7952,73.8212098695,-0.134,-0.0248,-0.0949,0,-0.0254,0,1.0728,0.8272,0.9593,0,0.0477,0
16.8346,73.6484373849,-0.1301,-0.0199,-0.0917,0,-0.025,0,1.0622,0.8188,0.9461,0,0.0443,0
16.874,73.4764717317,-0.1278,-0.0137,-0.0922,0,-0.0256,0,1.0503,0.8123,0.933,0,0.0433,0
16.9134,73.3053072712,-0.1257,-0.0103,-0.094,0,-0.0288,0,1.0376,0.8089,0.9157,0,0.0417,0
16.9529,73.1345070165,-0.124,-0.0114,-0.0923,0,-0.0319,0,1.0241,0.8036,0.8953,0,0.0368,0
16.9923,72.9649302331,-0.1221,-0.0126,-0.0856,0,-0.0318,0,1.0091,0.7935,0.8755,0,0.0303,0
17.0317,72.796138025,-0.1183,-0.0109,-0.0752,0,-0.0283,0,0.9926,0.782,0.8593,0,0.026,0
17.0711,72.6281249597,-0.1111,-0.0083,-0.0644,0,-0.025,0,0.9759,0.7711,0.8484,0,0.0257,0
17.1106,72.4604621696,-0.101,-0.0048,-0.0565,0,-0.0248,0,0.9622,0.7587,0.8415,0,0.0268,0
17.15,72.2939932362,-0.0904,0.002,-0.0528,0,-0.0271,0,0.9529,0.7459,0.8354,0,0.0259,0
17.1894,72.128287433,-0.083,0.0111,-0.0524,0,-0.0282,0,0.9473,0.7362,0.8274,0,0.0222,0
17.2288,71.9633395245,-0.0803,0.0197,-0.0534,0,-0.0268,0,0.9413,0.7291,0.8154,0,0.0189,0
17.2683,71.7987285373,-0.0792,0.0277,-0.0516,0,-0.0249,0,0.931,0.7233,0.7992,0,0.0177,0
17.3077,71.6352827932,-0.0755,0.0344,-0.0443,0,-0.0249,0,0.918,0.7191,0.7825,0,0.0171,0
17.3471,71.472579509,-0.0683,0.0393,-0.0327,0,-0.0253,0,0.9057,0.7146,0.7695,0,0.0145,0
17.3865,71.310613637,-0.0594,0.0442,-0.0202,0,-0.0235,0,0.8965,0.709,0.762,0,0.0111,0
17.426,71.1489718811,-0.0512,0.0504,-0.0103,0,-0.0198,0,0.8903,0.7039,0.7595,0,0.0096,0
17.4654,70.9884677133,-0.0456,0.0566,-0.0063,0,-0.017,0,0.8862,0.7012,0.7595,0,0.0112,0
17.5048,70.8286860747,-0.0435,0.06,-0.0077,0,-0.0177,0,0.8817,0.7004,0.7559,0,0.0133,0
17.5442,70.6696220973,-0.0426,0.0602,-0.0086,0,-0.0201,0,0.8739,0.6982,0.747,0,0.012,0
17.5837,70.5108699534,-0.0398,0.0591,-0.0066,0,-0.0201,0,0.8644,0.6932,0.7376,0,0.0079,0
17.6231,70.3532286601,-0.0353,0.0587,-0.0051,0,-0.0167,0,0.8558,0.6855,0.729,0,0.0046,0
17.6625,70.1962906723,-0.0307,0.0606,-0.0039,0,-0.012,0,0.8487,0.6761,0.718,0,0.0037,0
17.7019,70.0400512939,-0.0273,0.065,0.0006,0,-0.0073,0,0.8427,0.6674,0.7055,0,0.0055,0
17.7414,69.8841119641,-0.0256,0.0705,0.0079,0,-0.0047,0,0.8369,0.6606,0.6956,0,0.0097,0
17.7808,69.7292576262,-0.026,0.0752,0.0142,0,-0.0053,0,0.8299,0.6557,0.6891,0,0.0136,0
17.8202,69.5750880461,-0.0274,0.0782,0.0173,0,-0.0067,0,0.8195,0.6506,0.6828,0,0.0153,0
17.8596,69.421598692,-0.0261,0.0808,0.0196,0,-0.007,0,0.8052,0.6442,0.6732,0,0.0166,0
17.8991,69.2683980759,-0.0199,0.0844,0.025,0,-0.0076,0,0.7909,0.6372,0.6619,0,0.0189,0
17.9385,69.1162574351,-0.0101,0.0893,0.0334,0,-0.01,0,0.7798,0.6304,0.6526,0,0.0215,0
17.9779,68.964783651,-0.0005,0.0944,0.042,0,-0.014,0,0.774,0.6255,0.647,0,0.0227,0
18.0173,68.8139723488,0.0044,0.0975,0.0473,0,-0.0183,0,0.7712,0.6215,0.6437,0,0.0216,0
18.0568,68.6634389261,0.0046,0.099,0.0494,0,-0.0216,0,0.765,0.6152,0.638,0,0.0184,0
18.0962,68.5139412694,0.0064,0.1024,0.0525,0,-0.0226,0,0.7532,0.6061,0.6285,0,0.0144,0
18.1356,68.3650931869,0.0138,0.1096,0.0596,0,-0.0218,0,0.7405,0.5974,0.6181,0,0.0109,0
18.175,68.2168904539,0.0246,0.1187,0.0705,0,-0.02,0,0.7322,0.5923,0.6108,0,0.0087,0
18.2145,68.0689551731,0.0337,0.1266,0.0812,0,-0.018,0,0.7286,0.5906,0.6093,0,0.0078,0
18.2539,67.9220322233,0.0388,0.1313,0.0863,0,-0.0165,0,0.7253,0.5901,0.6108,0,0.0078,0
18.2933,67.775742157,0.0433,0.1344,0.0873,0,-0.0156,0,0.7196,0.588,0.6089,0,0.0081,0
18.3327,67.6300808937,0.0493,0.1378,0.0896,0,-0.0151,0,0.714,0.586,0.6042,0,0.0087,0
18.3722,67.4846770664,0.0552,0.1395,0.0926,0,-0.0153,0,0.7094,0.5848,0.6003,0,0.0094,0
18.4116,67.3402628778,0.0611,0.1391,0.0944,0,-0.0161,0,0.7053,0.5815,0.5962,0,0.0095,0
18.451,67.196465449,0.0664,0.1393,0.0959,0,-0.0169,0,0.7029,0.5755,0.5904,0,0.009,0
18.4904,67.0532808376,0.0697,0.1418,0.0988,0,-0.0173,0,0.701,0.5685,0.584,0,0.0081,0
18.5299,66.9103440386,0.0716,0.1464,0.1022,0,-0.0172,0,0.6981,0.5625,0.5782,0,0.0072,0
18.5693,66.7683748984,0.0725,0.1511,0.1054,0,-0.0169,0,0.695,0.5591,0.5725,0,0.0068,0
18.6087,66.6270069376,0.071,0.1529,0.1086,0,-0.0172,0,0.6904,0.557,0.5664,0,0.0065,0
18.6481,66.4862363458,0.0695,0.1523,0.1125,0,-0.0179,0,0.6812,0.5522,0.56,0,0.0057,0
18.6876,66.3457043173,0.0723,0.1528,0.117,0,-0.0179,0,0.6692,0.5435,0.5539,0,0.004,0
18.727,66.2061186522,0.0789,0.1574,0.1217,0,-0.0167,0,0.659,0.5332,0.5483,0,0.0024,0
18.7664,66.0671191065,0.0874,0.1662,0.127,0,-0.0151,0,0.6509,0.5252,0.5427,0,0.0018,0
18.8058,65.9287019962,0.0967,0.1759,0.1332,0,-0.0134,0,0.646,0.522,0.5385,0,0.0023,0
18.8453,65.790514558,0.1043,0.183,0.1386,0,-0.0126,0,0.6442,0.522,0.5362,0,0.0039,0
18.8847,65.6532528449,0.1092,0.1869,0.142,0,-0.0135,0,0.6428,0.5226,0.535,0,0.0059,0
18.9241,65.5165626899,0.1127,0.1884,0.1427,0,-0.0164,0,0.641,0.5216,0.533,0,0.0065,0
18.9635,65.3804405305,0.1149,0.1897,0.1422,0,-0.0193,0,0.6386,0.5183,0.5278,0,0.0041,0
19.003,65.2445394938,0.1164,0.1922,0.1438,0,-0.0196,0,0.6348,0.5144,0.52,0,0,0
19.0424,65.1095441751,0.1181,0.1951,0.1481,0,-0.0173,0,0.6292,0.5108,0.5124,0,-0.0031,0
19.0818,64.9751063317,0.1222,0.1981,0.1537,0,-0.0145,0,0.6227,0.5069,0.5065,0,-0.004,0
19.1212,64.8412225174,0.1279,0.2017,0.159,0,-0.0121,0,0.6187,0.5035,0.5018,0,-0.0039,0
19.1607,64.707551603,0.1317,0.205,0.1645,0,-0.0104,0,0.6171,0.501,0.4976,0,-0.0029,0
19.2001,64.5747670064,0.1326,0.2073,0.17,0,-0.0098,0,0.6144,0.4985,0.4947,0,-0.0017,0
19.2395,64.4425262611,0.1332,0.2091,0.174,0,-0.0101,0,0.6092,0.495,0.4932,0,-0.0013,0
19.2789,64.3108260326,0.1352,0.2118,0.1761,0,-0.0099,0,0.6024,0.4906,0.4911,0,-0.0022,0
19.3184,64.1793307934,0.1392,0.2156,0.1774,0,-0.008,0,0.5954,0.4871,0.4877,0,-0.0028,0
19.3578,64.0487030551,0.1449,0.219,0.1792,0,-0.0057,0,0.5896,0.485,0.4831,0,-0.0014,0
19.3972,63.9186059844,0.1508,0.2211,0.1817,0,-0.0051,0,0.5859,0.4834,0.4784,0,0.0012,0
19.4366,63.7890363541,0.1553,0.2217,0.1839,0,-0.0058,0,0.5838,0.4813,0.4739,0,0.0034,0
19.4761,63.6596641011,0.1578,0.2214,0.186,0,-0.0076,0,0.5813,0.4773,0.4685,0,0.0052,0
19.5155,63.531141093,0.1604,0.2225,0.1889,0,-0.0106,0,0.577,0.4712,0.4625,0,0.0056,0
19.5549,63.4031359915,0.1646,0.226,0.1926,0,-0.0132,0,0.5729,0.4657,0.4567,0,0.0039,0
19.5943,63.2756456725,0.1685,0.2294,0.1962,0,-0.0141,0,0.571,0.4626,0.4516,0,0.0011,0
19.6338,63.1483454044,0.1695,0.2301,0.1993,0,-0.0134,0,0.5694,0.4595,0.4454,0,-0.0016,0
19.6732,63.0218766647,0.1693,0.2302,0.2044,0,-0.0115,0,0.5648,0.4532,0.4376,0,-0.0034,0
19.7126,62.8959134767,0.1711,0.2332,0.2127,0,-0.0092,0,0.5579,0.4449,0.4317,0,-0.004,0
19.752,62.7704528149,0.1752,0.2394,0.2208,0,-0.0071,0,0.552,0.4377,0.4295,0,-0.0034,0
19.7915,62.6451751509,0.1791,0.2468,0.2265,0,-0.006,0,0.5473,0.4332,0.4288,0,-0.0019,0
19.8309,62.5207118184,0.1831,0.2539,0.2306,0,-0.006,0,0.5422,0.4313,0.4276,0,-0.0008,0
19.8703,62.3967420723,0.1885,0.259,0.2338,0,-0.0063,0,0.5377,0.4315,0.4263,0,-0.0006,0
19.9097,62.2732629824,0.194,0.261,0.2359,0,-0.0057,0,0.5354,0.4315,0.4241,0,-0.0008,0
19.9492,62.1499600987,0.1973,0.2614,0.2379,0,-0.0044,0,0.5349,0.4293,0.4201,0,-0.0002,0
19.9886,62.0274548493,0.1976,0.2624,0.2415,0,-0.0035,0,0.5332,0.4246,0.4153,0,0.0018,0
20.028,61.9054315958,0.1968,0.2655,0.2461,0,-0.0042,0,0.5281,0.419,0.4114,0,0.0044,0
20.0674,61.7838874991,0.1987,0.2706,0.2506,0,-0.0067,0,0.5195,0.414,0.4081,0,0.0059,0
20.1069,61.6625130677,0.2051,0.2768,0.2552,0,-0.0094,0,0.5115,0.4112,0.405,0,0.0055,0
20.1463,61.5419200548,0.2135,0.2821,0.26,0,-0.011,0,0.5073,0.4106,0.4024,0,0.004,0
20.1857,61.4217978074,0.2205,0.2853,0.2646,0,-0.0116,0,0.5062,0.4109,0.4003,0,0.0025,0
20.2251,61.3021435741,0.225,0.2868,0.2693,0,-0.0117,0,0.5062,0.4108,0.3986,0,0.0012,0
20.2646,61.1826527047,0.2277,0.2871,0.2735,0,-0.0117,0,0.5051,0.4095,0.3983,0,0.0001,0
20.304,61.063927502,0.2304,0.2868,0.2756,0,-0.0116,0,0.5027,0.4068,0.3985,0,-0.001,0
20.3434,60.9456621804,0.2336,0.2865,0.2762,0,-0.0111,0,0.5001,0.4027,0.3968,0,-0.0023,0
20.3828,60.827854073,0.2372,0.2868,0.2775,0,-0.0099,0,0.4978,0.3968,0.3934,0,-0.0035,0
20.4223,60.7102032582,0.2407,0.2892,0.2797,0,-0.0081,0,0.4959,0.3895,0.3901,0,-0.0037,0
20.4617,60.5933028048,0.2442,0.2944,0.282,0,-0.007,0,0.4942,0.3831,0.3869,0,-0.0026,0
20.5011,60.4768516811,0.2475,0.3004,0.2842,0,-0.0072,0,0.4934,0.3791,0.3835,0,-0.0018,0
20.5405,60.3608473017,0.2492,0.3052,0.2865,0,-0.0075,0,0.493,0.3766,0.3798,0,-0.002,0
20.58,60.2449943635,0.2497,0.3091,0.289,0,-0.007,0,0.4911,0.3736,0.3755,0,-0.0022,0
20.6194,60.129876912,0.2513,0.3139,0.2926,0,-0.0067,0,0.4877,0.3705,0.3707,0,-0.002,0
20.6588,60.0151985595,0.2542,0.3186,0.2975,0,-0.0066,0,0.4852,0.3691,0.3668,0,-0.0019,0
20.6982,59.9009567982,0.2566,0.3215,0.3025,0,-0.0067,0,0.4841,0.3681,0.3646,0,-0.0019,0
20.7377,59.786860838,0.2572,0.3232,0.3059,0,-0.0062,0,0.4834,0.366,0.3636,0,-0.0022,0
20.7771,59.6734859052,0.2563,0.3249,0.3078,0,-0.0055,0,0.4807,0.3622,0.3617,0,-0.0017,0
20.8165,59.5605401484,0.2561,0.3279,0.3094,0,-0.0058,0,0.4762,0.3572,0.3582,0,-0.0008,0
20.8559,59.4480211355,0.257,0.3329,0.3119,0,-0.0069,0,0.4706,0.3522,0.3536,0,-0.0008,0
20.8954,59.3356424859,0.2598,0.3394,0.3159,0,-0.0074,0,0.4646,0.349,0.349,0,-0.0017,0
20.9348,59.2239708046,0.2641,0.3454,0.3206,0,-0.007,0,0.4598,0.3481,0.3454,0,-0.0026,0
20.9742,59.1127186734,0.2683,0.3498,0.3252,0,-0.0062,0,0.4561,0.3481,0.3424,0,-0.0031,0
21.0137,59.0016029543,0.2732,0.3529,0.3298,0,-0.0054,0,0.4528,0.3479,0.3399,0,-0.0031,0
21.0531,58.8911839112,0.2783,0.3547,0.334,0,-0.0049,0,0.4512,0.3474,0.3379,0,-0.0027,0
21.0925,58.7811773853,0.2816,0.3556,0.3375,0,-0.0047,0,0.451,0.3451,0.3356,0,-0.0026,0
21.1319,58.6715810694,0.2838,0.3573,0.3414,0,-0.0042,0,0.4498,0.3408,0.3326,0,-0.0028,0
21.1714,58.5621160622,0.2862,0.3614,0.3465,0,-0.0032,0,0.4486,0.3361,0.3301,0,-0.0022,0
21.2108,58.4533343391,0.2876,0.367,0.3514,0,-0.0031,0,0.4476,0.3329,0.3293,0,-0.0009,0
21.2502,58.3449560004,0.2886,0.3727,0.3544,0,-0.004,0,0.4453,0.3314,0.3292,0,-0.0002,0
21.2896,58.2369788066,0.2903,0.3774,0.3558,0,-0.0048,0,0.4427,0.3315,0.328,0,-0.0006,0
21.3291,58.1291279988,0.2922,0.3799,0.3571,0,-0.0046,0,0.4407,0.3321,0.3249,0,-0.0014,0
21.3685,58.021947446,0.293,0.3806,0.3593,0,-0.0037,0,0.4391,0.3307,0.3206,0,-0.0014,0
21.4079,57.9151614124,0.2926,0.3819,0.3627,0,-0.0033,0,0.4358,0.3271,0.3157,0,-0.0005,0
21.4473,57.8087677237,0.2936,0.385,0.3674,0,-0.0037,0,0.43,0.3229,0.3109,0,0.0004,0
21.4868,57.7024956718,0.2977,0.3891,0.3731,0,-0.0045,0,0.4242,0.319,0.3064,0,0.0006,0
21.5262,57.5968811959,0.3037,0.3938,0.3801,0,-0.0049,0,0.4208,0.3155,0.3025,0,0.0002,0
21.5656,57.491652632,0.3094,0.3992,0.3882,0,-0.0049,0,0.4205,0.3122,0.3002,0,0.0001,0
21.605,57.3868078685,0.3119,0.4056,0.3959,0,-0.0052,0,0.4224,0.3098,0.3004,0,0.0003,0
21.6445,57.2820801589,0.3109,0.412,0.4016,0,-0.0058,0,0.4223,0.309,0.3018,0,0,0
21.6839,57.1779976849,0.3102,0.4174,0.4054,0,-0.0061,0,0.418,0.3091,0.3025,0,-0.0008,0
21.7233,57.074292764,0.3131,0.4221,0.4087,0,-0.0057,0,0.4126,0.3091,0.3015,0,-0.0016,0
21.7627,56.9709633455,0.3183,0.4265,0.4132,0,-0.0049,0,0.4098,0.3091,0.2993,0,-0.0018,0
21.8022,56.8677465577,0.3225,0.4306,0.4194,0,-0.0043,0,0.4097,0.3094,0.2974,0,-0.0014,0
21.8416,56.7651629917,0.3245,0.4339,0.4265,0,-0.0045,0,0.4097,0.3096,0.297,0,-0.0009,0
21.881,56.6629488597,0.3259,0.4372,0.4334,0,-0.005,0,0.4087,0.309,0.298,0,-0.0013,0
21.9204,56.5611021697,0.3277,0.4406,0.4395,0,-0.0047,0,0.4077,0.3082,0.3,0,-0.0025,0
21.9599,56.4593638405,0.3289,0.444,0.4449,0,-0.003,0,0.4071,0.307,0.3024,0,-0.003,0
21.9993,56.3582470351,0.3294,0.4483,0.4501,0,-0.0012,0,0.406,0.305,0.3051,0,-0.002,0
22.0387,56.2574917758,0.3293,0.4541,0.4547,0,-0.0006,0,0.4045,0.3038,0.3089,0,-0.0001,0
22.0781,56.1570961269,0.3288,0.4599,0.4576,0,-0.0011,0,0.4017,0.3044,0.3131,0,0.0014,0
22.1176,56.0568047166,0.3297,0.4645,0.459,0,-0.002,0,0.3974,0.3053,0.3163,0,0.0021,0
22.157,55.9571234373,0.3326,0.4687,0.4601,0,-0.0023,0,0.3941,0.3055,0.318,0,0.0021,0
22.1964,55.857796039,0.3351,0.474,0.4629,0,-0.0018,0,0.3927,0.3052,0.3181,0,0.0025,0
22.2358,55.7588206406,0.3362,0.4811,0.4689,0,-0.0012,0,0.3914,0.3061,0.3199,0,0.0042,0
22.2753,55.6599455002,0.3369,0.4879,0.4739,0,-0.0021,0,0.3893,0.3105,0.3281,0,0.0069,0
22.3147,55.5616693928,0.3375,0.4908,0.4708,0,-0.0047,0,0.3871,0.3171,0.3384,0,0.0088,0
22.3541,55.4637397167,0.3377,0.4892,0.4618,0,-0.0075,0,0.3843,0.3209,0.342,0,0.0092,0
22.3935,55.3661546431,0.3382,0.4879,0.4538,0,-0.0103,0,0.3803,0.3189,0.3381,0,0.0096,0
22.433,55.2686659831,0.3404,0.4923,0.4504,0,-0.0146,0,0.3755,0.3147,0.3297,0,0.009,0
22.4724,55.1717655435,0.3442,0.5001,0.4537,0,-0.0185,0,0.3723,0.3145,0.3198,0,0.005,0
22.5118,55.0752042929,0.3471,0.507,0.4634,0,-0.019,0,0.3714,0.3172,0.314,0,-0.0002,0
22.5512,54.9789804534,0.3477,0.5129,0.4738,0,-0.0172,0,0.37,0.3211,0.3158,0,-0.004,0
22.5907,54.8828493141,0.3479,0.5166,0.4788,0,-0.0146,0,0.3668,0.3262,0.3219,0,-0.0059,0
22.6301,54.7872958582,0.3491,0.5186,0.4786,0,-0.0124,0,0.3622,0.3285,0.3252,0,-0.0059,0
22.6695,54.6920745495,0.3526,0.5244,0.4792,0,-0.0121,0,0.3568,0.3282,0.3234,0,-0.0052,0
22.7089,54.5971836593,0.3587,0.5345,0.4846,0,-0.0129,0,0.3537,0.3315,0.32,0,-0.006,0
22.7484,54.5023818818,0.3637,0.5448,0.495,0,-0.0128,0,0.3543,0.3399,0.3195,0,-0.0079,0
22.7878,54.4081475175,0.3657,0.5538,0.5082,0,-0.0116,0,0.3554,0.3529,0.3257,0,-0.0098,0
22.8272,54.3142384524,0.3661,0.5581,0.5181,0,-0.0097,0,0.3548,0.3715,0.3413,0,-0.0112,0
22.8666,54.2206530048,0.3671,0.5534,0.5164,0,-0.0072,0,0.3528,0.3916,0.3619,0,-0.0117,0
22.9061,54.1271532037,0.3693,0.542,0.5032,0,-0.0051,0,0.3509,0.406,0.375,0,-0.0114,0
22.9455,54.0342108039,0.3715,0.5287,0.49,0,-0.003,0,0.3505,0.415,0.3758,0,-0.0108,0
22.9849,53.9415870419,0.3718,0.5148,0.4851,0,-0.0004,0,0.3506,0.4188,0.3718,0,-0.0093,0
23.0243,53.8492802821,0.3707,0.5039,0.486,0,0.001,0,0.3491,0.4169,0.3716,0,-0.0058,0
23.0638,53.7570558191,0.3701,0.4984,0.4855,0,-0.0006,0,0.3456,0.4141,0.3765,0,-0.0022,0
23.1032,53.6653789951,0.3711,0.4961,0.4819,0,-0.0035,0,0.3414,0.4139,0.3801,0,-0.0016,0
23.1426,53.5740143286,0.3735,0.4932,0.4818,0,-0.0036,0,0.3375,0.4166,0.3817,0,-0.0028,0
23.182,53.4829602278,0.3765,0.4895,0.486,0,-0.0015,0,0.3347,0.4195,0.3907,0,-0.0008,0
23.2215,53.3919851861,0.3793,0.4852,0.4824,0,-0.0026,0,0.333,0.4241,0.4124,0,0.0055,0
23.2609,53.3015482634,0.3812,0.4779,0.4575,0,-0.0107,0,0.3316,0.4284,0.4354,0,0.0114,0
23.3003,53.2114171921,0.3829,0.4709,0.4153,0,-0.0243,0,0.3293,0.4292,0.4377,0,0.01,0
23.3397,53.1215904232,0.3857,0.4678,0.3797,0,-0.0353,0,0.3271,0.4307,0.4103,0,-0.0021,0
23.3792,53.0318395839,0.3887,0.4657,0.3711,0,-0.0362,0,0.3266,0.4374,0.3704,0,-0.019,0
23.4186,52.9426175775,0.3901,0.4598,0.3858,0,-0.0281,0,0.3272,0.4498,0.3437,0,-0.0321,0
23.458,52.8536952852,0.3894,0.4448,0.4019,0,-0.0171,0,0.327,0.4657,0.339,0,-0.0381,0
23.4974,52.7650711994,0.3881,0.4187,0.4035,0,-0.0083,0,0.3244,0.4773,0.342,0,-0.0393,0
23.5369,52.6765200175,0.3885,0.3862,0.3977,0,-0.002,0,0.3202,0.4786,0.3344,0,-0.041,0
23.5763,52.5884886093,0.3905,0.3524,0.4021,0,0.0068,0,0.3165,0.4697,0.3193,0,-0.0442,0
23.6157,52.5007509411,0.3928,0.3198,0.417,0,0.0198,0,0.3139,0.4501,0.3144,0,-0.0438,0
23.6551,52.4133055451,0.3949,0.2928,0.4261,0,0.033,0,0.3112,0.419,0.324,0,-0.0362,0
23.6946,52.3259301275,0.3977,0.2783,0.4197,0,0.0406,0,0.3087,0.379,0.3351,0,-0.0229,0
23.734,52.2390656442,0.401,0.2793,0.4055,0,0.0411,0,0.3071,0.3392,0.333,0,-0.0096,0
23.7734,52.1524890844,0.4038,0.2914,0.4002,0,0.0379,0,0.3067,0.3072,0.3195,0,-0.0001,0
23.8128,52.066199019,0.4054,0.308,0.4063,0,0.0342,0,0.307,0.285,0.3114,0,0.0073,0
23.8523,51.9799761029,0.406,0.3239,0.4103,0,0.0294,0,0.3066,0.271,0.3139,0,0.0139,0
23.8917,51.8942554946,0.4066,0.3367,0.4066,0,0.0232,0,0.3062,0.2614,0.3173,0,0.0183,0
23.9311,51.8088171459,0.4063,0.3472,0.3991,0,0.0173,0,0.3063,0.2532,0.318,0,0.0209,0
23.9705,51.723659665,0.4039,0.3565,0.3873,0,0.0111,0,0.3057,0.246,0.3158,0,0.0229,0
24.01,51.6385665973,0.4002,0.3649,0.3736,0,0.004,0,0.3022,0.2394,0.3047,0,0.0226,0
24.0494,51.5539674171,0.3981,0.3728,0.3667,0,-0.0017,0,0.2951,0.2329,0.286,0,0.0194,0
24.0888,51.4696449802,0.4,0.3811,0.3686,0,-0.0047,0,0.2866,0.2266,0.2677,0,0.0154,0
24.1282,51.3855979311,0.4057,0.3903,0.3746,0,-0.006,0,0.2801,0.2212,0.2537,0,0.012,0
24.1677,51.3016126483,0.4125,0.3995,0.3816,0,-0.0063,0,0.2771,0.2179,0.2429,0,0.0093,0
24.2071,51.218113033,0.4179,0.4074,0.3892,0,-0.006,0,0.2772,0.2163,0.2346,0,0.0077,0
24.2465,51.1348847875,0.421,0.4139,0.3961,0,-0.0063,0,0.2781,0.2151,0.2286,0,0.0069,0
24.2859,51.0519265911,0.4223,0.4194,0.4018,0,-0.0072,0,0.2786,0.2139,0.2231,0,0.0058,0
24.3254,50.9690276008,0.4227,0.4242,0.4075,0,-0.0079,0,0.278,0.2128,0.2176,0,0.0039,0
24.3648,50.8866062516,0.4229,0.428,0.4136,0,-0.0077,0,0.2764,0.2112,0.2127,0,0.0017,0
24.4042,50.8044510371,0.4236,0.4317,0.4199,0,-0.0066,0,0.2741,0.2088,0.2086,0,0,0
24.4436,50.7225606703,0.4245,0.436,0.4258,0,-0.005,0,0.2716,0.2062,0.2055,0,-0.0007,0
24.4831,50.6407270321,0.4259,0.4405,0.431,0,-0.004,0,0.2685,0.204,0.2029,0,-0.0005,0
24.5225,50.5593631971,0.4284,0.445,0.4359,0,-0.0037,0,0.2655,0.202,0.2,0,-0.0002,0
24.5619,50.4782603952,0.4314,0.4494,0.4412,0,-0.0036,0,0.2639,0.2006,0.1976,0,-0.0005,0
24.6013,50.3974173723,0.4335,0.4532,0.4462,0,-0.0031,0,0.2633,0.1994,0.1961,0,-0.0007,0
24.6408,50.3166286809,0.4342,0.4567,0.4502,0,-0.0024,0,0.2622,0.1979,0.1947,0,-0.0006,0
24.6802,50.2363021369,0.4347,0.4605,0.4539,0,-0.0022,0,0.2598,0.1964,0.1929,0,-0.0001,0
24.7196,50.1562316542,0.4366,0.4642,0.458,0,-0.0022,0,0.2566,0.1953,0.191,0,0.0004,0
24.759,50.0764160103,0.4395,0.4674,0.4623,0,-0.0027,0,0.2546,0.1946,0.1899,0,0.0008,0
24.7985,49.9966523782,0.4416,0.4698,0.4656,0,-0.0032,0,0.2536,0.1937,0.1894,0,0.0005,0
24.8379,49.9173434147,0.4432,0.4722,0.4681,0,-0.0033,0,0.2522,0.1918,0.1884,0,0.0001,0
24.8773,49.838285666,0.4447,0.4752,0.4705,0,-0.0032,0,0.2508,0.1896,0.1868,0,-0.0001,0
24.9167,49.7594779405,0.446,0.4789,0.4728,0,-0.0033,0,0.2491,0.1879,0.185,0,-0.0002,0
24.9562,49.6807199814,0.4478,0.4826,0.4755,0,-0.0034,0,0.247,0.1868,0.1825,0,-0.0003,0
24.9956,49.6024093841,0.45,0.4859,0.4789,0,-0.0035,0,0.246,0.1866,0.1802,0,-0.0005,0
25.035,49.5243452766,0.4509,0.4878,0.4824,0,-0.0038,0,0.2457,0.1864,0.1786,0,-0.0008,0
25.0744,49.4465264971,0.4506,0.4892,0.4854,0,-0.0036,0,0.244,0.185,0.1772,0,-0.0015,0
25.1139,49.3687553108,0.4508,0.4914,0.4881,0,-0.003,0,0.2408,0.1825,0.1752,0,-0.0019,0
25.1533,49.2914243459,0.4525,0.4947,0.4917,0,-0.0025,0,0.2372,0.1803,0.173,0,-0.0017,0
25.1927,49.2143352638,0.4555,0.4983,0.4956,0,-0.0025,0,0.2343,0.1793,0.1716,0,-0.0013,0
25.2322,49.1372921901,0.4586,0.5011,0.4992,0,-0.0026,0,0.2328,0.1787,0.1707,0,-0.0012,0
25.2716,49.0606840881,0.4608,0.5033,0.5028,0,-0.0028,0,0.2322,0.1777,0.1696,0,-0.0012,0
25.311,48.9843144878,0.4619,0.506,0.5067,0,-0.0031,0,0.2311,0.1762,0.169,0,-0.0014,0
25.3504,48.9081822772,0.4633,0.5092,0.5104,0,-0.0033,0,0.2291,0.1752,0.1694,0,-0.0018,0
25.3899,48.8320940216,0.4656,0.5121,0.513,0,-0.0033,0,0.2277,0.1752,0.1707,0,-0.0025,0
25.4293,48.7564338775,0.4667,0.5137,0.5139,0,-0.0027,0,0.2273,0.1753,0.1715,0,-0.0031,0
25.4687,48.6810078253,0.4666,0.5148,0.5143,0,-0.0019,0,0.2258,0.1741,0.1705,0,-0.0032,0
25.5081,48.6058147804,0.4671,0.5169,0.5157,0,-0.0013,0,0.2226,0.1721,0.1687,0,-0.003,0
25.5476,48.5306637023,0.4695,0.5199,0.5179,0,-0.001,0,0.2192,0.1707,0.1674,0,-0.0026,0
25.587,48.455934029,0.4729,0.5228,0.5198,0,-0.0009,0,0.2173,0.1704,0.1665,0,-0.0023,0
25.6264,48.381434146,0.4755,0.5247,0.521,0,-0.0009,0,0.2172,0.1705,0.1654,0,-0.002,0
25.6658,48.3071629951,0.4762,0.5256,0.5223,0,-0.0011,0,0.2173,0.1699,0.1634,0,-0.0019,0
25.7053,48.2329318856,0.4756,0.5267,0.5245,0,-0.0012,0,0.2158,0.1684,0.1611,0,-0.0019,0
25.7447,48.1591156238,0.4757,0.5286,0.527,0,-0.0013,0,0.2127,0.1666,0.1594,0,-0.0021,0
25.7841,48.0855249553,0.4772,0.5307,0.5294,0,-0.0012,0,0.2091,0.1652,0.1578,0,-0.0024,0
25.8235,48.0121588476,0.4797,0.5326,0.5318,0,-0.0007,0,0.2059,0.1639,0.1559,0,-0.0026,0
25.863,47.9388309168,0.4826,0.5346,0.5348,0,-0.0002,0,0.2034,0.1621,0.1539,0,-0.0025,0
25.9024,47.8659114213,0.4858,0.5373,0.5384,0,0.0001,0,0.2015,0.1603,0.1523,0,-0.002,0
25.9418,47.7932134239,0.4889,0.5404,0.5422,0,0,0,0.2005,0.1594,0.1515,0,-0.0016,0
25.9812,47.7207359167,0.4914,0.5429,0.5457,0,-0.0001,0,0.2002,0.159,0.1514,0,-0.0016,0
26.0207,47.6482947807,0.4928,0.5449,0.5488,0,-0.0001,0,0.2003,0.1587,0.152,0,-0.0016,0
26.0601,47.5762558087,0.4929,0.5465,0.5508,0,0,0,0.1995,0.158,0.1527,0,-0.0016,0
26.0995,47.5044343378,0.4932,0.5482,0.552,0,0.0002,0,0.1968,0.1567,0.1529,0,-0.0015,0
26.1389,47.4328293846,0.495,0.5506,0.5533,0,0.0004,0,0.1937,0.1555,0.1521,0,-0.0014,0
26.1784,47.3612590533,0.4978,0.5532,0.555,0,0.0005,0,0.1914,0.1549,0.1512,0,-0.0011,0
26.2178,47.2900847516,0.5008,0.5554,0.557,0,0.0006,0,0.1901,0.1548,0.1503,0,-0.001,0
26.2572,47.2191240498,0.5032,0.5568,0.5592,0,0.0009,0,0.1895,0.1551,0.1494,0,-0.0006,0
26.2966,47.1483759878,0.5047,0.5572,0.5616,0,0.0008,0,0.189,0.1545,0.1489,0,0.0001,0
26.3361,47.0776608534,0.5056,0.558,0.5638,0,0.0002,0,0.1878,0.1526,0.1486,0,0.0005,0
26.3755,47.0073357472,0.507,0.5601,0.566,0,-0.0003,0,0.1859,0.1503,0.1485,0,0.0004,0
26.4149,46.9372204324,0.509,0.563,0.5679,0,-0.0006,0,0.1843,0.1491,0.1488,0,0.0002,0
26.4543,46.8673139716,0.5107,0.5654,0.5689,0,-0.0007,0,0.1832,0.1488,0.1494,0,0,0
26.4938,46.797438797,0.5118,0.567,0.569,0,-0.0008,0,0.1818,0.1485,0.149,0,-0.0001,0
26.5332,46.7279477786,0.5129,0.5686,0.5697,0,-0.0008,0,0.1798,0.1476,0.1473,0,-0.0005,0
26.5726,46.6586628331,0.5145,0.5704,0.5714,0,-0.0005,0,0.1771,0.1466,0.1456,0,-0.0007,0
26.612,46.5895830452,0.5174,0.5722,0.5736,0,-0.0001,0,0.1743,0.1458,0.1445,0,-0.0007,0
26.6515,46.5205329531,0.5212,0.5739,0.5755,0,0.0003,0,0.1725,0.1451,0.1438,0,-0.0006,0
26.6909,46.4518612711,0.525,0.5754,0.5773,0,0.0008,0,0.1721,0.1441,0.143,0,0,0
26.7303,46.3833920308,0.5281,0.5772,0.5792,0,0.0007,0,0.1727,0.1428,0.1422,0,0.0009,0
26.7697,46.3151243383,0.5298,0.5794,0.5812,0,0.0001,0,0.1738,0.1417,0.1417,0,0.0016,0
26.8092,46.2468848007,0.5303,0.5816,0.5829,0,-0.0004,0,0.1742,0.141,0.1413,0,0.0017,0
26.8486,46.1790180494,0.5307,0.5837,0.5844,0,-0.0009,0,0.1734,0.1403,0.1406,0,0.002,0
26.888,46.1113501934,0.5318,0.5859,0.5863,0,-0.0018,0,0.1725,0.1396,0.1399,0,0.0021,0
26.9274,46.0438803598,0.5325,0.5883,0.5884,0,-0.0027,0,0.1719,0.1393,0.1395,0,0.0016,0
26.9669,45.9764371878,0.5328,0.5904,0.5903,0,-0.003,0,0.1706,0.1397,0.1397,0,0.0007,0
27.0063,45.9093612972,0.5336,0.5916,0.5916,0,-0.0027,0,0.1686,0.14,0.1402,0,0.0003,0
27.0457,45.842480838,0.5351,0.5926,0.5919,0,-0.0029,0,0.1668,0.1398,0.1403,0,0.0004,0
27.0851,45.7757949574,0.5368,0.5937,0.592,0,-0.0035,0,0.1652,0.1394,0.1395,0,-0.0001,0
27.1246,45.7091342914,0.5386,0.5947,0.5927,0,-0.0035,0,0.1638,0.1389,0.1378,0,-0.0012,0
27.164,45.6428355176,0.5404,0.5959,0.5941,0,-0.0028,0,0.1628,0.1383,0.1361,0,-0.002,0
27.2034,45.5767287913,0.5419,0.5967,0.5961,0,-0.0018,0,0.1621,0.1379,0.1349,0,-0.002,0
27.2428,45.5108132791,0.5429,0.5973,0.598,0,-0.0014,0,0.1612,0.1369,0.1342,0,-0.0016,0
27.2823,45.4449215792,0.5439,0.5982,0.5996,0,-0.0014,0,0.1601,0.1353,0.1338,0,-0.0013,0
27.3217,45.379386495,0.5448,0.5998,0.6008,0,-0.0015,0,0.1588,0.1338,0.1333,0,-0.0012,0
27.3611,45.3140401519,0.5457,0.6017,0.602,0,-0.0017,0,0.1571,0.1328,0.1325,0,-0.0015,0
27.4005,45.2488817357,0.547,0.6033,0.6032,0,-0.0016,0,0.1549,0.1321,0.1316,0,-0.002,0
27.44,45.1837457726,0.549,0.6046,0.6045,0,-0.001,0,0.1528,0.1311,0.1306,0,-0.0023,0
27.4794,45.1189612583,0.5515,0.6061,0.606,0,-0.0002,0,0.1514,0.1297,0.1296,0,-0.0022,0
27.5188,45.0543622542,0.554,0.6083,0.6075,0,0.0004,0,0.1508,0.1284,0.1286,0,-0.0017,0
27.5582,44.9899479647,0.5556,0.6109,0.6091,0,0.0006,0,0.1509,0.1278,0.1276,0,-0.0012,0
27.5977,44.9255548107,0.5561,0.613,0.6109,0,0.0007,0,0.1508,0.1282,0.1268,0,-0.0006,0
27.6371,44.8615080453,0.5561,0.6141,0.6126,0,0.0006,0,0.1495,0.1285,0.1262,0,0.0002,0
27.6765,44.7976436327,0.5566,0.6148,0.6141,0,-0.0001,0,0.1473,0.1282,0.1257,0,0.0007,0
27.7159,44.7339607951,0.5581,0.6157,0.6155,0,-0.0009,0,0.145,0.1275,0.1251,0,0.0006,0
27.7554,44.6702978159,0.5601,0.6169,0.617,0,-0.0011,0,0.1431,0.1267,0.1245,0,0.0001,0
27.7948,44.6069762689,0.5621,0.6182,0.6183,0,-0.0008,0,0.1417,0.1261,0.1241,0,-0.0001,0
27.8342,44.5438339884,0.5638,0.619,0.6194,0,-0.0008,0,0.1406,0.1256,0.1235,0,0.0002,0
27.8736,44.4808702141,0.5653,0.6197,0.6204,0,-0.0012,0,0.1392,0.1246,0.1225,0,0.0003,0
27.9131,44.4179250603,0.5673,0.6208,0.6217,0,-0.0016,0,0.1375,0.1232,0.1214,0,0.0001,0
27.9525,44.3553164833,0.5697,0.6224,0.6233,0,-0.0019,0,0.1364,0.1218,0.1202,0,-0.0003,0
27.9919,44.2928841558,0.5719,0.6244,0.6252,0,-0.0019,0,0.1359,0.1208,0.1192,0,-0.001,0
28.0313,44.2306273344,0.5735,0.6263,0.6274,0,-0.0013,0,0.1358,0.1203,0.1187,0,-0.0015,0
28.0708,44.1683879334,0.5745,0.6278,0.6292,0,-0.0006,0,0.1359,0.1202,0.1187,0,-0.0015,0
28.1102,44.1064803523,0.5744,0.6288,0.6303,0,-0.0001,0,0.1354,0.1201,0.1189,0,-0.0011,0
28.1496,44.044746071,0.574,0.6295,0.6309,0,0,0,0.1334,0.1196,0.1185,0,-0.0007,0
28.189,43.9831843627,0.575,0.6303,0.6316,0,-0.0001,0,0.1303,0.1188,0.1173,0,-0.0002,0
28.2285,43.921638911,0.5775,0.6311,0.6332,0,-0.0004,0,0.1277,0.1179,0.1159,0,0,0
28.2679,43.8604206184,0.5803,0.6318,0.6353,0,-0.0008,0,0.1265,0.1167,0.1151,0,-0.0001,0
28.3073,43.7993727413,0.5823,0.6329,0.6372,0,-0.0008,0,0.1259,0.1152,0.115,0,-0.0004,0
28.3467,43.738494569,0.5837,0.6344,0.6386,0,-0.0006,0,0.125,0.1138,0.1152,0,-0.0005,0
28.3862,43.6776315252,0.585,0.6361,0.6394,0,-0.0004,0,0.1237,0.1129,0.1152,0,-0.0004,0
28.4256,43.6170910728,0.5867,0.6375,0.6401,0,-0.0003,0,0.1223,0.1122,0.1149,0,-0.0002,0
28.465,43.5567182154,0.5886,0.6387,0.6406,0,-0.0003,0,0.1209,0.1115,0.1143,0,-0.0001,0
28.5044,43.4965122578,0.5907,0.6394,0.6411,0,-0.0004,0,0.1198,0.1105,0.1133,0,0,0
28.5439,43.4363203346,0.5928,0.6403,0.6417,0,-0.0005,0,0.1191,0.1087,0.112,0,0,0
28.5833,43.3764465265,0.5945,0.6422,0.6429,0,-0.0004,0,0.1187,0.1067,0.1103,0,0,0
28.6227,43.3167375545,0.5957,0.6445,0.6447,0,-0.0002,0,0.1184,0.1054,0.109,0,0.0003,0
28.6621,43.2571927388,0.5965,0.6469,0.6465,0,-0.0005,0,0.1174,0.1047,0.1082,0,0.0006,0
28.7016,43.197660897,0.5977,0.6488,0.6479,0,-0.0008,0,0.1161,0.1043,0.1076,0,0.0006,0
28.741,43.1384427821,0.5992,0.6506,0.6493,0,-0.0009,0,0.1148,0.1039,0.1068,0,0.0004,0
28.7804,43.0793868049,0.6006,0.6525,0.651,0,-0.0009,0,0.1138,0.1035,0.1061,0,0.0003,0
28.8198,43.0204923004,0.6019,0.6542,0.6524,0,-0.0009,0,0.1127,0.1036,0.1059,0,0.0003,0
28.8593,42.9616097411,0.6034,0.6554,0.6532,0,-0.0008,0,0.1113,0.1039,0.1056,0,0.0002,0
28.8987,42.9030366072,0.6052,0.6559,0.6538,0,-0.0006,0,0.1101,0.1039,0.1046,0,0.0005,0
28.9381,42.8446229711,0.6069,0.6562,0.655,0,-0.0009,0,0.1094,0.1032,0.1032,0,0.0009,0
28.9775,42.7863681822,0.6084,0.6568,0.6568,0,-0.0014,0,0.1089,0.1021,0.1021,0,0.0009,0
29.017,42.7281243409,0.6094,0.6578,0.6584,0,-0.0017,0,0.1084,0.1009,0.1018,0,0.0005,0
29.0564,42.6701857078,0.6097,0.6588,0.6593,0,-0.0017,0,0.1077,0.0999,0.1014,0,0,0
29.0958,42.6124039896,0.6099,0.6596,0.6598,0,-0.0014,0,0.1061,0.0988,0.1004,0,-0.0002,0
29.1352,42.5547785497,0.6105,0.6605,0.6608,0,-0.0011,0,0.1036,0.0972,0.0987,0,-0.0001,0
29.1747,42.4971630899,0.6121,0.6618,0.6624,0,-0.0011,0,0.101,0.0954,0.0969,0,0,0
29.2141,42.4398487032,0.6143,0.6635,0.6646,0,-0.0012,0,0.0987,0.0939,0.0954,0,0.0001,0
29.2535,42.3826887039,0.6168,0.6653,0.6671,0,-0.0011,0,0.0969,0.0925,0.0944,0,0,0
29.2929,42.3256824691,0.6193,0.6672,0.6697,0,-0.0011,0,0.0956,0.0912,0.094,0,0.0001,0
29.3324,42.2686852763,0.6216,0.6691,0.6719,0,-0.0013,0,0.0947,0.09,0.0942,0,0.0002,0
29.3718,42.2119851014,0.6236,0.6712,0.6736,0,-0.0014,0,0.0936,0.0888,0.0946,0,-0.0001,0
29.4112,42.1554368404,0.6259,0.6736,0.6749,0,-0.0011,0,0.0926,0.0878,0.0949,0,-0.0003,0
29.4507,42.0988969362,0.6281,0.6762,0.676,0,-0.0009,0,0.0922,0.0873,0.0952,0,-0.0001,0
29.4901,42.0426510592,0.6297,0.6785,0.6766,0,-0.001,0,0.0919,0.0873,0.0955,0,0.0001,0
29.5295,41.9865552752,0.631,0.6802,0.6766,0,-0.0012,0,0.0911,0.0875,0.0953,0,-0.0001,0
29.5689,41.9306089844,0.6325,0.6816,0.6768,0,-0.001,0,0.0901,0.0876,0.0943,0,-0.0004,0
29.6084,41.8746701612,0.634,0.6828,0.6774,0,-0.0006,0,0.0892,0.0876,0.0929,0,-0.0004,0
29.6478,41.8190214451,0.6352,0.6838,0.6784,0,-0.0001,0,0.0883,0.0874,0.0915,0,0,0
29.6872,41.7635204398,0.6364,0.6846,0.6797,0,-0.0001,0,0.0869,0.0868,0.09,0,0.0006,0
29.7266,41.7081665579,0.6381,0.6856,0.6814,0,-0.0005,0,0.085,0.086,0.0888,0,0.0012,0
29.7661,41.652819281,0.6405,0.6868,0.6831,0,-0.0011,0,0.0834,0.085,0.0879,0,0.0014,0
29.8055,41.5977582661,0.6431,0.6882,0.6847,0,-0.0016,0,0.0825,0.084,0.0872,0,0.0013,0
29.8449,41.5428426297,0.6453,0.6898,0.6863,0,-0.0021,0,0.0822,0.0833,0.0865,0,0.001,0
29.8843,41.4880717969,0.6471,0.6914,0.688,0,-0.0024,0,0.0818,0.0827,0.0858,0,0.0005,0
29.9238,41.4333067324,0.6488,0.6928,0.6897,0,-0.0023,0,0.0812,0.0823,0.0856,0,-0.0002,0
29.9632,41.3788241576,0.6504,0.6939,0.6909,0,-0.0018,0,0.0809,0.082,0.0857,0,-0.0007,0
30.0026,41.324484678,0.6514,0.6947,0.6914,0,-0.0013,0,0.0806,0.0813,0.0855,0,-0.0007,0
30.042,41.2702877305,0.6521,0.6957,0.6918,0,-0.0009,0,0.0798,0.0801,0.0845,0,-0.0005,0
30.0815,41.2160957399,0.6528,0.6972,0.6928,0,-0.0008,0,0.0782,0.0788,0.083,0,-0.0003,0
30.1209,41.1621825377,0.654,0.6989,0.6943,0,-0.0007,0,0.0763,0.078,0.0819,0,-0.0001,0
30.1603,41.1084101949,0.6559,0.7003,0.6958,0,-0.0007,0,0.0742,0.0774,0.081,0,0.0002,0
30.1997,41.05477816,0.6581,0.7014,0.697,0,-0.0008,0,0.0725,0.0765,0.0802,0,0.0002,0
30.2392,41.001150295,0.6604,0.7027,0.6982,0,-0.0008,0,0.0711,0.0753,0.0792,0,0.0003,0
30.2786,40.9477975864,0.6627,0.7043,0.6995,0,-0.0007,0,0.0696,0.074,0.078,0,0.0003,0
30.318,40.8945835477,0.6655,0.7063,0.7012,0,-0.0007,0,0.0682,0.0726,0.0767,0,0.0003,0
30.3574,40.841507639,0.6685,0.7087,0.7031,0,-0.0004,0,0.0675,0.0717,0.0755,0,0.0003,0
30.3969,40.7884351365,0.6713,0.711,0.7051,0,-0.0001,0,0.0673,0.0714,0.0747,0,0.0008,0
30.4363,40.7356342262,0.6735,0.7129,0.7071,0,-0.0001,0,0.0672,0.0713,0.0741,0,0.0015,0
30.4757,40.6829698415,0.6754,0.7144,0.7091,0,-0.0006,0,0.067,0.0713,0.0737,0,0.0021,0
30.5151,40.6304414536,0.6773,0.7156,0.7109,0,-0.0016,0,0.0667,0.071,0.0736,0,0.0024,0
30.5546,40.5779157312,0.6791,0.7167,0.7123,0,-0.0025,0,0.0663,0.0704,0.0735,0,0.0019,0
30.594,40.5256581029,0.681,0.7181,0.7136,0,-0.0028,0,0.0657,0.0695,0.0731,0,0.0011,0
30.6334,40.4735348998,0.6832,0.7198,0.7149,0,-0.0025,0,0.0653,0.0685,0.0728,0,0.0004,0
30.6728,40.4215456039,0.6854,0.7218,0.7162,0,-0.002,0,0.0654,0.0678,0.0725,0,0.0002,0
30.7123,40.3695582552,0.6871,0.7238,0.7171,0,-0.0017,0,0.0659,0.0676,0.0722,0,0.0003,0
30.7517,40.3178355668,0.6881,0.7254,0.7179,0,-0.0018,0,0.0663,0.0675,0.0715,0,0.0005,0
30.7911,40.2662452462,0.6886,0.7269,0.719,0,-0.0018,0,0.0661,0.0675,0.0705,0,0.0004,0
30.8305,40.2147867858,0.6891,0.728,0.7202,0,-0.0017,0,0.0653,0.0677,0.0696,0,0.0002,0
30.87,40.1633295756,0.6898,0.7285,0.7214,0,-0.0014,0,0.0641,0.0676,0.0685,0,0.0003,0
30.9094,40.1121336551,0.6909,0.7289,0.7229,0,-0.0013,0,0.0625,0.0666,0.0673,0,0.0006,0
30.9488,40.0610680866,0.6926,0.7298,0.7248,0,-0.0014,0,0.0609,0.065,0.0664,0,0.0008,0
30.9882,40.010132373,0.6945,0.7314,0.7266,0,-0.0014,0,0.0597,0.0633,0.0658,0,0.0008,0
31.0277,39.9591972334,0.6962,0.7334,0.7281,0,-0.0014,0,0.0587,0.062,0.0652,0,0.0009,0
31.0671,39.9085200743,0.6978,0.7356,0.7297,0,-0.0014,0,0.0575,0.0613,0.0646,0,0.0011,0
31.1065,39.8579712922,0.6998,0.7375,0.7312,0,-0.0015,0,0.0561,0.0608,0.0641,0,0.0013,0
31.1459,39.8075503999,0.7021,0.7391,0.7327,0,-0.0017,0,0.055,0.0603,0.0636,0,0.0015,0
31.1854,39.7571294259,0.7044,0.7408,0.7339,0,-0.002,0,0.0541,0.0596,0.0631,0,0.0015,0
31.2248,39.7069631831,0.7065,0.7425,0.7351,0,-0.0021,0,0.0536,0.0589,0.0623,0,0.0015,0
31.2642,39.656923382,0.7084,0.7444,0.7364,0,-0.0023,0,0.053,0.0583,0.0613,0,0.0016,0
31.3036,39.6070095452,0.7101,0.7464,0.738,0,-0.0026,0,0.0522,0.0579,0.0603,0,0.0017,0
31.3431,39.5570949906,0.7121,0.748,0.7397,0,-0.0031,0,0.0513,0.0577,0.0594,0,0.0015,0
31.3825,39.5074319764,0.7141,0.7494,0.7415,0,-0.0034,0,0.0505,0.0574,0.0588,0,0.0011,0
31.4219,39.4578935074,0.716,0.7507,0.743,0,-0.0033,0,0.0497,0.0568,0.0583,0,0.0006,0
31.4613,39.4084791156,0.7179,0.7522,0.7445,0,-0.003,0,0.0489,0.0562,0.0576,0,0.0006,0
31.5008,39.3590633889,0.7198,0.7538,0.7459,0,-0.0031,0,0.0478,0.0556,0.0567,0,0.0006,0
31.5402,39.3098960691,0.7221,0.7552,0.7474,0,-0.0032,0,0.0467,0.0551,0.0557,0,0.0005,0
31.5796,39.2608514357,0.7246,0.7565,0.7493,0,-0.0032,0,0.0459,0.0545,0.0547,0,0.0003,0
31.619,39.21192903,0.7271,0.7578,0.7514,0,-0.0031,0,0.0454,0.0536,0.0538,0,0.0002,0
31.6585,39.1630046907,0.7293,0.7594,0.7536,0,-0.0031,0,0.0452,0.0527,0.0535,0,0.0003,0
31.6979,39.1143256809,0.7313,0.7609,0.7553,0,-0.0032,0,0.0448,0.0518,0.0534,0,0.0003,0
31.7373,39.0657675354,0.7331,0.7623,0.7564,0,-0.0034,0,0.0442,0.0508,0.053,0,0.0001,0
31.7767,39.0173298045,0.7351,0.7639,0.7578,0,-0.0035,0,0.0434,0.0494,0.0519,0,-0.0003,0
31.8162,38.9688895594,0.7374,0.7661,0.7596,0,-0.0033,0,0.0426,0.0479,0.051,0,-0.0005,0
31.8556,38.9206916209,0.7398,0.7687,0.7616,0,-0.0032,0,0.0419,0.0468,0.0502,0,-0.0008,0
31.895,38.8726127606,0.7422,0.7715,0.7635,0,-0.0029,0,0.0414,0.0462,0.0496,0,-0.001,0
31.9344,38.8246525377,0.7447,0.774,0.7654,0,-0.0026,0,0.041,0.0461,0.049,0,-0.001,0
31.9739,38.7766892372,0.7471,0.776,0.7672,0,-0.0023,0,0.0408,0.0461,0.0485,0,-0.0009,0
32.0133,38.7289652738,0.7495,0.7779,0.769,0,-0.0021,0,0.0405,0.0459,0.0478,0,-0.0008,0
32.0527,38.6813586375,0.7519,0.7797,0.771,0,-0.002,0,0.0405,0.0456,0.0471,0,-0.0007,0
32.0921,38.6338688961,0.754,0.7815,0.7731,0,-0.0019,0,0.0407,0.0451,0.0466,0,-0.0005,0
32.1316,38.5863755306,0.7559,0.7837,0.7754,0,-0.0018,0,0.0408,0.0446,0.0464,0,-0.0002,0
32.171,38.5391185851,0.7577,0.7859,0.7774,0,-0.0019,0,0.0408,0.0444,0.0466,0,0,0
32.2104,38.4919772496,0.7594,0.7879,0.7788,0,-0.0021,0,0.0408,0.0447,0.0469,0,0.0002,0
32.2498,38.4449511005,0.7609,0.7894,0.7797,0,-0.0023,0,0.0407,0.0451,0.0469,0,0.0002,0
32.2893,38.3979207973,0.7623,0.7903,0.7805,0,-0.0025,0,0.0405,0.045,0.0462,0,0,0
32.3287,38.3511240477,0.7634,0.7913,0.7816,0,-0.0024,0,0.0399,0.0443,0.0449,0,-0.0002,0
32.3681,38.3044412245,0.7648,0.7926,0.7834,0,-0.0021,0,0.0388,0.0433,0.0436,0,-0.0002,0
32.4075,38.2578719124,0.7667,0.7942,0.7854,0,-0.002,0,0.0375,0.0422,0.0425,0,0,0
32.447,38.211297932,0.769,0.796,0.7874,0,-0.002,0,0.0366,0.0412,0.0418,0,0.0001,0
32.4864,38.1649546887,0.7711,0.7979,0.7893,0,-0.0021,0,0.0358,0.0402,0.0411,0,0.0002,0
32.5258,38.1187237209,0.7731,0.7999,0.7911,0,-0.0022,0,0.0349,0.0393,0.0402,0,0.0002,0
32.5652,38.0726046209,0.7753,0.8019,0.793,0,-0.0021,0,0.0338,0.0383,0.0392,0,0.0003,0
32.6047,38.0264803541,0.7779,0.8042,0.7953,0,-0.0021,0,0.0327,0.0374,0.038,0,0.0006,0
32.6441,37.9805840565,0.7808,0.8065,0.7978,0,-0.0023,0,0.032,0.0366,0.0372,0,0.0009,0
32.6835,37.9347984151,0.7835,0.8089,0.8003,0,-0.0027,0,0.0317,0.036,0.0368,0,0.0009,0
32.7229,37.88912303,0.7859,0.8112,0.8026,0,-0.003,0,0.0314,0.0355,0.0365,0,0.0007,0
32.7624,37.8434419945,0.7882,0.8132,0.8047,0,-0.0031,0,0.0309,0.035,0.0362,0,0.0005,0
32.8018,37.7979862081,0.7906,0.8153,0.8067,0,-0.0032,0,0.0301,0.0342,0.0358,0,0.0004,0
32.8412,37.7526394894,0.7933,0.8176,0.8086,0,-0.0033,0,0.0294,0.0334,0.0352,0,0.0002,0
32.8806,37.7074014464,0.7961,0.8199,0.8106,0,-0.0033,0,0.0289,0.0328,0.0345,0,-0.0001,0
32.9201,37.6621572838,0.7989,0.8221,0.8129,0,-0.0031,0,0.0286,0.0321,0.0338,0,-0.0003,0
32.9595,37.6171356968,0.8015,0.8245,0.8153,0,-0.003,0,0.0284,0.0313,0.0332,0,-0.0003,0
32.9989,37.5722216195,0.8041,0.8269,0.8175,0,-0.0028,0,0.0282,0.0306,0.0329,0,-0.0004,0
33.0383,37.5274146672,0.8065,0.8295,0.8196,0,-0.0026,0,0.0278,0.0299,0.0324,0,-0.0004,0
33.0778,37.4826011403,0.809,0.832,0.8216,0,-0.0023,0,0.0273,0.0292,0.0318,0,-0.0003,0
33.1172,37.438007561,0.8116,0.8345,0.8237,0,-0.0021,0,0.0266,0.0285,0.031,0,0.0001,0
33.1566,37.3935199628,0.8146,0.8371,0.826,0,-0.0022,0,0.026,0.0277,0.0302,0,0.0005,0
33.196,37.3491379684,0.8178,0.84,0.8284,0,-0.0025,0,0.0257,0.0268,0.0293,0,0.0008,0
33.2355,37.3047489582,0.8207,0.8432,0.831,0,-0.0028,0,0.0256,0.0262,0.0284,0,0.0008,0
33.2749,37.260577312,0.8237,0.8463,0.8338,0,-0.0031,0,0.0254,0.026,0.0275,0,0.0007,0
33.3143,37.2165101473,0.8267,0.8493,0.8369,0,-0.0032,0,0.0253,0.0259,0.0268,0,0.0005,0
33.3537,37.1725470937,0.8297,0.8521,0.8401,0,-0.0031,0,0.0255,0.0259,0.0265,0,0.0004,0
33.3932,37.1285765964,0.8324,0.8547,0.843,0,-0.0031,0,0.0257,0.0257,0.0266,0,0.0005,0
33.4326,37.0848209233,0.8349,0.8573,0.8456,0,-0.0032,0,0.0257,0.0254,0.0268,0,0.0007,0
33.472,37.04116826,0.8374,0.8599,0.8478,0,-0.0033,0,0.0255,0.0251,0.0269,0,0.0007,0
33.5115,36.9975078406,0.8399,0.8626,0.8498,0,-0.0034,0,0.0251,0.0248,0.0266,0,0.0007,0
33.5509,36.954060368,0.8426,0.8652,0.8519,0,-0.0035,0,0.0245,0.0243,0.0259,0,0.0007,0
33.5903,36.9107148195,0.8455,0.868,0.8543,0,-0.0036,0,0.0239,0.0236,0.0249,0,0.0008,0
33.6297,36.8674708368,0.8486,0.8711,0.8571,0,-0.0039,0,0.0234,0.0229,0.0239,0,0.0008,0
33.6692,36.8242186925,0.8517,0.8743,0.8602,0,-0.0041,0,0.0228,0.0225,0.0232,0,0.0006,0
33.7086,36.781177029,0.8549,0.8774,0.8632,0,-0.0041,0,0.0221,0.0223,0.0227,0,0.0004,0
33.748,36.7382358658,0.8584,0.8804,0.8661,0,-0.0042,0,0.0214,0.0219,0.022,0,0.0003,0
33.7874,36.6953948513,0.8621,0.8835,0.8692,0,-0.0041,0,0.0207,0.0212,0.0212,0,0.0002,0
33.8269,36.652545282,0.8661,0.887,0.8727,0,-0.0041,0,0.0201,0.0207,0.0204,0,0.0002,0
33.8663,36.6099037686,0.8703,0.8905,0.8763,0,-0.0041,0,0.0199,0.0203,0.0199,0,0.0003,0
33.9057,36.5673613581,0.8744,0.894,0.8799,0,-0.0041,0,0.0199,0.02,0.0197,0,0.0003,0
33.9451,36.5249177054,0.8784,0.8975,0.8834,0,-0.0042,0,0.0201,0.0197,0.0195,0,0.0003,0
33.9846,36.4824651166,0.8822,0.9011,0.8869,0,-0.0043,0,0.0203,0.0195,0.0193,0,0.0004,0
34.024,36.4402181989,0.8859,0.9047,0.8903,0,-0.0044,0,0.0203,0.0193,0.0192,0,0.0004,0
34.0634,36.3980690125,0.8898,0.9083,0.8937,0,-0.0046,0,0.0201,0.019,0.0191,0,0.0003,0
34.1028,36.3560172185,0.894,0.9119,0.8972,0,-0.0047,0,0.0198,0.0187,0.0189,0,0.0003,0
34.1423,36.3139561189,0.8984,0.9157,0.9006,0,-0.0048,0,0.0197,0.0184,0.0186,0,0.0002,0
34.1817,36.272098345,0.9028,0.9196,0.9042,0,-0.0048,0,0.0197,0.018,0.0183,0,0.0001,0
34.2211,36.2303369559,0.9073,0.9235,0.9079,0,-0.0048,0,0.0198,0.0176,0.018,0,0,0
34.2605,36.1886716189,0.9119,0.9277,0.9117,0,-0.0048,0,0.0198,0.0171,0.0176,0,0,0
34.3,36.1469966181,0.9166,0.9321,0.9158,0,-0.0048,0,0.0197,0.0167,0.0173,0,0,0
34.3394,36.1055226358,0.9215,0.9368,0.92,0,-0.0049,0,0.0197,0.0164,0.017,0,0,0
34.3788,36.0641437165,0.9265,0.9416,0.9243,0,-0.005,0,0.0197,0.0164,0.017,0,0,0
34.4182,36.0228595336,0.9317,0.9463,0.9285,0,-0.005,0,0.0197,0.0167,0.017,0,0,0
34.4577,35.9815653395,0.9371,0.9508,0.9327,0,-0.005,0,0.0197,0.0169,0.017,0,0,0
34.4971,35.9404698946,0.9428,0.9554,0.937,0,-0.005,0,0.0197,0.0169,0.0169,0,0.0001,0
34.5365,35.8994682148,0.9487,0.9601,0.9415,0,-0.0051,0,0.0198,0.0168,0.0168,0,0.0003,0
34.5759,35.8585599796,0.955,0.965,0.9461,0,-0.0054,0,0.0199,0.0167,0.0168,0,0.0005,0
34.6154,35.8176413966,0.9615,0.9703,0.9507,0,-0.0057,0,0.0202,0.0166,0.0169,0,0.0005,0
34.6548,35.7769193301,0.9681,0.9755,0.9553,0,-0.006,0,0.0206,0.0167,0.0168,0,0.0003,0
34.6942,35.7362897545,0.975,0.9808,0.9601,0,-0.0061,0,0.0209,0.0168,0.0165,0,0.0002,0
34.7336,35.6957523551,0.9822,0.9862,0.9652,0,-0.0062,0,0.0212,0.0166,0.0161,0,0.0001,0
34.7731,35.6552042815,0.9899,0.9921,0.9707,0,-0.0062,0,0.0215,0.0163,0.0157,0,0.0001,0
34.8125,35.6148505278,0.9981,0.9983,0.9766,0,-0.0063,0,0.022,0.0162,0.0156,0,0.0001,0
34.8519,35.5745880139,1.0068,1.0049,0.9826,0,-0.0064,0,0.0225,0.0162,0.0156,0,0.0002,0
34.8913,35.5344164305,1.0161,1.0116,0.9888,0,-0.0066,0,0.0231,0.0165,0.0158,0,0.0002,0
34.9308,35.4942338567,1.026,1.0183,0.9951,0,-0.0069,0,0.0238,0.0169,0.0161,0,0.0003,0
34.9702,35.4542434416,1.0367,1.0253,1.0015,0,-0.0071,0,0.0247,0.0171,0.0163,0,0.0003,0
35.0096,35.4143430373,1.0484,1.0325,1.0082,0,-0.0074,0,0.0258,0.0173,0.0167,0,0.0002,0
35.049,35.3745323404,1.061,1.0401,1.0151,0,-0.0077,0,0.0273,0.0175,0.0171,0,0.0002,0
35.0885,35.3347103467,1.0748,1.0481,1.0222,0,-0.008,0,0.0292,0.0177,0.0173,0,0.0001,0
35.1279,35.295078385,1.09,1.0566,1.0297,0,-0.0082,0,0.0315,0.018,0.0175,0,0,0
35.1673,35.2555352273,1.1072,1.0655,1.0377,0,-0.0085,0,0.0344,0.0185,0.0177,0,-0.0002,0
35.2067,35.2160805756,1.1268,1.0749,1.0463,0,-0.0087,0,0.0385,0.0191,0.0181,0,-0.0003,0
35.2462,35.1766143301,1.1493,1.0847,1.0553,0,-0.0088,0,0.0446,0.0199,0.0187,0,-0.0005,0
35.2856,35.1373360238,1.1755,1.0949,1.0648,0,-0.0088,0,0.054,0.0207,0.0195,0,-0.0005,0
35.325,35.0981453362,1.2054,1.1058,1.0747,0,-0.009,0,0.0695,0.0215,0.0204,0,-0.0003,0
35.3644,35.0590419744,1.2364,1.1174,1.0852,0,-0.0093,0,0.0943,0.0224,0.0214,0,-0.0002,0
35.4039,35.0199267312,1.2644,1.1298,1.0965,0,-0.0098,0,0.1288,0.0235,0.0225,0,-0.0001,0
35.4433,34.9809973676,1.2884,1.1432,1.1087,0,-0.0102,0,0.1732,0.0248,0.0239,0,-0.0002,0
35.4827,34.9421544584,1.2996,1.1576,1.1217,0,-0.0105,0,0.2335,0.0263,0.0256,0,-0.0001,0
35.5221,34.9033977158,1.28,1.1733,1.1358,0,-0.011,0,0.2971,0.0283,0.0276,0,-0.0001,0
35.5616,34.8646288131,1.237,1.1904,1.1514,0,-0.0115,0,0.3349,0.0306,0.03,0,0,0
35.601,34.8260437628,1.1958,1.2093,1.1688,0,-0.012,0,0.3427,0.0335,0.033,0,-0.0001,0
35.6404,34.7875440231,1.1721,1.2309,1.1888,0,-0.0124,0,0.3287,0.0374,0.0374,0,-0.0001,0
35.6798,34.7491293113,1.1835,1.2554,1.2117,0,-0.0128,0,0.3087,0.0437,0.0445,0,0.0001,0
35.7193,34.7107021694,1.2206,1.2826,1.2369,0,-0.0134,0,0.3228,0.0542,0.0565,0,0.0003,0
35.7587,34.6724568846,1.2383,1.3098,1.2623,0,-0.0137,0,0.3761,0.0706,0.075,0,0.0007,0
35.7981,34.6342957866,1.2157,1.3345,1.2846,0,-0.014,0,0.4291,0.0909,0.1011,0,0.0021,0
35.8375,34.5962185978,1.1781,1.3588,1.2982,0,-0.0163,0,0.4505,0.1133,0.1332,0,0.0049,0
35.877,34.5581287176,1.1601,1.3809,1.3001,0,-0.0213,0,0.4528,0.1432,0.1639,0,0.0057,0
35.9164,34.5202187302,1.1534,1.3908,1.2928,0,-0.026,0,0.4707,0.1762,0.1848,0,0.0034,0
35.9558,34.4823918255,1.1273,1.3938,1.2866,0,-0.0291,0,0.4911,0.1971,0.1895,0,-0.0001,0
35.9952,34.4446477308,1.103,1.403,1.2967,0,-0.0299,0,0.4807,0.2097,0.1827,0,-0.0052,0
36.0347,34.4068906915,1.1173,1.4162,1.3282,0,-0.0255,0,0.4664,0.2198,0.1835,0,-0.008,0
36.0741,34.3693116114,1.1465,1.441,1.3673,0,-0.0216,0,0.4907,0.221,0.2077,0,-0.0019,0
36.1135,34.3318145292,1.1575,1.4869,1.3915,0,-0.0277,0,0.5384,0.229,0.2522,0,0.0086,0
36.1529,34.2943991768,1.149,1.5435,1.3922,0,-0.0439,0,0.5958,0.2565,0.2939,0,0.0129,0
36.1924,34.2569706347,1.1131,1.6017,1.3858,0,-0.0624,0,0.6552,0.3015,0.314,0,0.0058,0
36.2318,34.2197181481,1.058,1.659,1.3961,0,-0.0756,0,0.6924,0.3614,0.3175,0,-0.0098,0
36.2712,34.1825465934,1.0053,1.7222,1.4326,0,-0.083,0,0.7129,0.4365,0.3254,0,-0.0276,0
36.3106,34.1454557071,0.9514,1.7888,1.4858,0,-0.0881,0,0.7288,0.549,0.3567,0,-0.048,0
36.3501,34.1083513938,0.896,1.825,1.5407,0,-0.0872,0,0.7329,0.7089,0.4163,0,-0.0746,0
36.3895,34.0714212616,0.8441,1.8038,1.5863,0,-0.0742,0,0.7338,0.8852,0.504,0,-0.1013,0
36.4289,34.0345710137,0.78,1.7442,1.6094,0,-0.0558,0,0.7325,1.0474,0.6165,0,-0.1205,0
36.4683,33.997800391,0.7075,1.6585,1.6064,0,-0.0347,0,0.7036,1.2164,0.7414,0,-0.1407,0
36.5078,33.9610161116,0.6498,1.5042,1.5764,0,0.002,0,0.6488,1.3953,0.8837,0,-0.16,0
36.5472,33.9244041678,0.6129,1.2586,1.4926,0,0.0533,0,0.5779,1.5164,1.0439,0,-0.1571,0
36.5866,33.8878710785,0.6115,0.9775,1.3285,0,0.0962,0,0.4932,1.5137,1.1808,0,-0.1238,0
36.626,33.8514165893,0.6562,0.7535,1.1063,0,0.11,0,0.4285,1.3914,1.2348,0,-0.0741,0
36.6655,33.8149482211,0.7168,0.6439,0.8876,0,0.0899,0,0.4145,1.2252,1.1814,0,-0.0343,0
36.7049,33.7786503709,0.7521,0.6247,0.7366,0,0.0563,0,0.4399,1.1042,1.0425,0,-0.0292,0
36.7443,33.7424303633,0.7525,0.6199,0.688,0,0.0439,0,0.4694,1.0557,0.8808,0,-0.054,0
36.7837,33.7062879482,0.736,0.5745,0.7169,0,0.0643,0,0.4855,1.0394,0.7635,0,-0.076,0
36.8232,33.6701314389,0.7124,0.4925,0.7741,0,0.1003,0,0.4931,0.9964,0.7055,0,-0.0744,0
36.8626,33.6341436578,0.6811,0.4222,0.8297,0,0.1323,0,0.4881,0.9051,0.7003,0,-0.0487,0
36.902,33.5982327245,0.6518,0.3965,0.8587,0,0.1489,0,0.4641,0.7959,0.7375,0,-0.0058,0
36.9414,33.5623983931,0.6371,0.412,0.8423,0,0.1409,0,0.426,0.7009,0.7914,0,0.044,0
36.9809,33.5265497595,0.6445,0.4487,0.7826,0,0.107,0,0.3857,0.6378,0.8294,0,0.0824,0
37.0203,33.4908680913,0.6709,0.4834,0.6996,0,0.0604,0,0.3605,0.6061,0.8284,0,0.0946,0
37.0597,33.455262293,0.6954,0.5021,0.626,0,0.0225,0,0.36,0.5922,0.781,0,0.0794,0
37.0991,33.4197321229,0.7007,0.5022,0.5916,0,0.0082,0,0.3652,0.581,0.7105,0,0.0536,0
37.1386,33.3841874492,0.7004,0.4889,0.5897,0,0.0115,0,0.3539,0.559,0.6535,0,0.0371,0
37.178,33.3488080047,0.7208,0.4741,0.5952,0,0.0182,0,0.3339,0.5181,0.6136,0,0.0331,0
37.2174,33.3135034688,0.7652,0.4764,0.6043,0,0.022,0,0.3369,0.4581,0.58,0,0.0373,0
37.2568,33.2782736037,0.801,0.5095,0.6165,0,0.0182,0,0.3863,0.3974,0.5573,0,0.0472,0
37.2963,33.2430290404,0.7806,0.5658,0.6209,0,0.0034,0,0.4611,0.3579,0.54,0,0.0542,0
37.3357,33.2079479962,0.698,0.629,0.6238,0,-0.0163,0,0.4953,0.3437,0.5107,0,0.0493,0
37.3751,33.1729409152,0.6185,0.693,0.6496,0,-0.0295,0,0.4468,0.3518,0.4727,0,0.0324,0
37.4145,33.1380075639,0.6094,0.7516,0.7054,0,-0.0301,0,0.3606,0.3865,0.4573,0,0.0129,0
37.454,33.1030593261,0.6605,0.789,0.7629,0,-0.0217,0,0.312,0.447,0.4902,0,0.0007,0
37.4934,33.0682729227,0.7107,0.7951,0.7794,0,-0.0151,0,0.3204,0.5173,0.5597,0,-0.0026,0
37.5328,33.0335595532,0.7247,0.7723,0.7405,0,-0.0151,0,0.3475,0.586,0.619,0,-0.007,0
37.5722,32.998918988,0.7194,0.716,0.6784,0,-0.0121,0,0.3573,0.6449,0.6296,0,-0.02,0
37.6117,32.9642633542,0.7214,0.6304,0.6415,0,0.0036,0,0.3547,0.6675,0.5988,0,-0.0328,0
37.6511,32.9297678952,0.7339,0.5488,0.6465,0,0.028,0,0.3559,0.6381,0.5696,0,-0.033,0
37.6905,32.8953445563,0.7504,0.5055,0.6699,0,0.0496,0,0.3685,0.5767,0.5727,0,-0.0177,0
37.73,32.8609060164,0.7611,0.5047,0.6823,0,0.0597,0,0.3969,0.521,0.6086,0,0.0079,0
37.7694,32.8266264224,0.7506,0.5225,0.661,0,0.0542,0,0.4369,0.493,0.6649,0,0.0355,0
37.8088,32.792418273,0.7097,0.5347,0.592,0,0.0344,0,0.466,0.4877,0.711,0,0.0551,0
37.8482,32.758281345,0.6561,0.5319,0.4935,0,0.0093,0,0.4575,0.4901,0.707,0,0.0588,0
37.8877,32.7241290445,0.628,0.5163,0.4161,0,-0.0082,0,0.4121,0.4849,0.643,0,0.0488,0
37.9271,32.690134073,0.6456,0.5044,0.3984,0,-0.0128,0,0.3666,0.4628,0.5598,0,0.0377,0
37.9665,32.6562096585,0.6891,0.5153,0.4252,0,-0.013,0,0.3556,0.4385,0.5143,0,0.0355,0
38.0059,32.6223555816,0.7257,0.5401,0.4388,0,-0.0208,0,0.3806,0.4419,0.5194,0,0.038,0
38.0454,32.5884859668,0.7394,0.5412,0.4049,0,-0.0354,0,0.4242,0.4756,0.5273,0,0.0316,0
38.0848,32.5547720876,0.7275,0.5025,0.3551,0,-0.0433,0,0.4716,0.5012,0.4904,0,0.0136,0
38.1242,32.5211278925,0.6926,0.4516,0.3383,0,-0.0382,0,0.5069,0.4923,0.4239,0,-0.0042,0
38.1636,32.4875531658,0.6548,0.4128,0.3547,0,-0.0266,0,0.5198,0.4626,0.371,0,-0.0139,0
38.2031,32.4539627412,0.6267,0.384,0.3765,0,-0.0146,0,0.5306,0.425,0.34,0,-0.0167,0
38.2425,32.4205264823,0.5856,0.3636,0.3928,0,-0.0038,0,0.5486,0.3763,0.3183,0,-0.0141,0
38.2819,32.3871590491,0.5295,0.3617,0.4049,0,0.0028,0,0.5418,0.3174,0.2986,0,-0.0064,0
38.3213,32.3538602292,0.4943,0.3851,0.4163,0,0.0025,0,0.5111,0.2624,0.2764,0,0.0022,0
38.3608,32.3205455569,0.4806,0.4253,0.434,0,-0.0019,0,0.4939,0.2259,0.2516,0,0.0067,0
38.4002,32.2873835032,0.4577,0.4681,0.4613,0,-0.0065,0,0.4929,0.21,0.2313,0,0.0073,0
38.4396,32.2542894307,0.4196,0.5065,0.496,0,-0.0099,0,0.4861,0.2081,0.2216,0,0.006,0
38.479,32.2212631305,0.3756,0.54,0.5342,0,-0.0121,0,0.4666,0.2162,0.2282,0,0.0036,0
38.5185,32.188220829,0.3295,0.5672,0.5636,0,-0.0129,0,0.4301,0.2352,0.2576,0,0.0007,0
38.5579,32.1553296212,0.2973,0.5819,0.5651,0,-0.0122,0,0.3712,0.2643,0.2994,0,-0.0021,0
38.5973,32.1225055639,0.292,0.5779,0.5392,0,-0.0099,0,0.3092,0.2953,0.3271,0,-0.0037,0
38.6367,32.0897484516,0.301,0.5571,0.5078,0,-0.0072,0,0.2601,0.3162,0.3312,0,-0.0027,0
38.6762,32.056975194,0.314,0.529,0.4814,0,-0.007,0,0.2176,0.319,0.3231,0,0.0011,0
38.7156,32.0243515275,0.3341,0.507,0.4596,0,-0.0109,0,0.1803,0.303,0.3047,0,0.0044,0
38.755,31.9917941943,0.3583,0.5029,0.4493,0,-0.0177,0,0.1533,0.2777,0.2791,0,0.0047,0
38.7944,31.9593029922,0.3808,0.5177,0.448,0,-0.0258,0,0.1342,0.2596,0.2576,0,0.0008,0
38.8339,31.926795506,0.4019,0.5407,0.4481,0,-0.0324,0,0.1195,0.26,0.2371,0,-0.009,0
38.8733,31.8944361297,0.4209,0.5567,0.4557,0,-0.0329,0,0.1104,0.2803,0.2137,0,-0.0236,0
38.9127,31.8621422826,0.4347,0.5546,0.4747,0,-0.025,0,0.1038,0.3107,0.1978,0,-0.037,0
38.9521,31.8299137659,0.4455,0.5335,0.4963,0,-0.0122,0,0.0951,0.3397,0.1981,0,-0.0447,0
38.9916,31.7976688312,0.4574,0.4942,0.5058,0,0.0019,0,0.0852,0.3605,0.2138,0,-0.0464,0
39.031,31.7655705465,0.4708,0.4401,0.4917,0,0.0139,0,0.0769,0.3608,0.2293,0,-0.0427,0
39.0704,31.7335369999,0.4842,0.3873,0.4654,0,0.0224,0,0.0709,0.3317,0.2215,0,-0.0372,0
39.1098,31.7015679957,0.4968,0.3531,0.4524,0,0.0301,0,0.0671,0.2821,0.1933,0,-0.0312,0
39.1493,31.6695824446,0.5074,0.3422,0.4586,0,0.0364,0,0.0653,0.2269,0.1658,0,-0.0224,0
39.1887,31.6377421042,0.5153,0.3505,0.4735,0,0.0388,0,0.0633,0.1775,0.1475,0,-0.0124,0
39.2281,31.6059657236,0.5227,0.3705,0.4928,0,0.0392,0,0.0597,0.1399,0.1379,0,-0.0037,0
39.2675,31.5742531101,0.5312,0.3939,0.5118,0,0.0386,0,0.0564,0.1151,0.142,0,0.0054,0
39.307,31.5425238253,0.539,0.4149,0.517,0,0.0345,0,0.055,0.0995,0.1575,0,0.0159,0
39.3464,31.5109383324,0.5446,0.4322,0.5041,0,0.0254,0,0.0538,0.0878,0.1665,0,0.0234,0
39.3858,31.4794160332,0.5491,0.4479,0.4889,0,0.0156,0,0.051,0.0775,0.1586,0,0.0252,0
39.4252,31.4479567383,0.5544,0.4637,0.4818,0,0.0081,0,0.0469,0.0695,0.1447,0,0.0241,0
39.4647,31.4164806523,0.5608,0.4782,0.4783,0,0.0017,0,0.0428,0.0651,0.1311,0,0.0219,0
39.5041,31.3851469594,0.5681,0.4896,0.477,0,-0.003,0,0.0395,0.0629,0.115,0,0.0176,0
39.5435,31.3538757065,0.5758,0.4975,0.4807,0,-0.0047,0,0.0379,0.0607,0.0985,0,0.013,0
39.5829,31.3226667071,0.5823,0.5034,0.4873,0,-0.0048,0,0.0379,0.0562,0.0849,0,0.0102,0
39.6224,31.2914408012,0.5866,0.5108,0.4944,0,-0.0053,0,0.0382,0.0493,0.0728,0,0.0086,0
39.6618,31.2603559092,0.5896,0.5209,0.5028,0,-0.0063,0,0.037,0.0435,0.0612,0,0.0067,0
39.7012,31.2293327154,0.5928,0.5311,0.513,0,-0.0068,0,0.0344,0.0409,0.0518,0,0.0041,0
39.7406,31.1983710362,0.5969,0.5388,0.5231,0,-0.0061,0,0.0313,0.0404,0.0447,0,0.0015,0
39.7801,31.1673923394,0.6018,0.5438,0.5326,0,-0.0045,0,0.0284,0.0389,0.0389,0,-0.0002,0
39.8195,31.1365532968,0.607,0.5482,0.5418,0,-0.0029,0,0.0259,0.0354,0.0341,0,-0.0008,0
39.8589,31.1057752221,0.6124,0.5536,0.5505,0,-0.0019,0,0.0236,0.0309,0.0302,0,-0.0008,0
39.8983,31.0750579348,0.6181,0.5599,0.5583,0,-0.0011,0,0.022,0.0264,0.0271,0,-0.0007,0
39.9378,31.0443235231,0.6236,0.5668,0.5654,0,-0.0007,0,0.0213,0.0223,0.0237,0,-0.0004,0
39.9772,31.0137274246,0.6284,0.5742,0.5728,0,-0.0005,0,0.021,0.0185,0.0199,0,-0.0002,0
40.0166,30.9831915755,0.6326,0.5821,0.581,0,-0.0004,0,0.0207,0.0157,0.0169,0,-0.0001,0
40.056,30.9527157979,0.6364,0.5898,0.5889,0,-0.0004,0,0.0202,0.014,0.015,0,-0.0001,0
40.0955,30.9222227931,0.6401,0.5969,0.5962,0,-0.0003,0,0.0195,0.013,0.0138,0,-0.0001,0
40.1349,30.8918667793,0.6438,0.6034,0.6029,0,-0.0003,0,0.0187,0.0122,0.0129,0,-0.0002,0
40.1743,30.8615703074,0.6475,0.6096,0.6092,0,-0.0002,0,0.0178,0.0115,0.012,0,-0.0002,0
40.2137,30.8313332024,0.6513,0.6155,0.6153,0,-0.0002,0,0.017,0.011,0.0114,0,-0.0002,0
40.2532,30.8010787714,0.6552,0.6212,0.6211,0,-0.0002,0,0.0163,0.0108,0.011,0,-0.0003,0
40.2926,30.7709600274,0.659,0.6265,0.6265,0,-0.0001,0,0.016,0.0106,0.0108,0,-0.0003,0
40.332,30.7409001289,0.6625,0.6314,0.6316,0,-0.0001,0,0.0159,0.0105,0.0107,0,-0.0004,0
40.3714,30.7108989037,0.6657,0.6362,0.6364,0,-0.0001,0,0.0158,0.0104,0.0105,0,-0.0004,0
40.4109,30.6808802576,0.6686,0.641,0.6411,0,-0.0001,0,0.0155,0.0103,0.0104,0,-0.0005,0
40.4503,30.6509960124,0.6715,0.6456,0.6455,0,-0.0001,0,0.0149,0.0105,0.0104,0,-0.0006,0
40.4897,30.6211699272,0.6744,0.6497,0.6496,0,0.0001,0,0.0142,0.0109,0.0105,0,-0.0007,0
40.5291,30.5914018323,0.6776,0.6534,0.6534,0,0.0003,0,0.0134,0.0111,0.0104,0,-0.0007,0
40.5686,30.5616162254,0.681,0.6569,0.6572,0,0.0004,0,0.0127,0.0108,0.0101,0,-0.0006,0
40.608,30.531963751,0.6846,0.6607,0.6611,0,0.0004,0,0.0124,0.0104,0.0097,0,-0.0004,0
40.6474,30.5023687616,0.688,0.6647,0.665,0,0.0003,0,0.0125,0.0102,0.0096,0,-0.0003,0
40.6868,30.4728310902,0.691,0.6687,0.6688,0,0.0002,0,0.0126,0.0101,0.0096,0,-0.0002,0
40.7263,30.4432758193,0.6939,0.6725,0.6723,0,0.0001,0,0.0125,0.0102,0.0097,0,-0.0002,0
40.7657,30.4138524299,0.697,0.6763,0.6757,0,0.0001,0,0.0124,0.0105,0.0096,0,-0.0002,0
40.8051,30.3844858608,0.7002,0.6799,0.6792,0,-0.0001,0,0.0126,0.0107,0.0095,0,-0.0002,0
40.8445,30.3551759478,0.7033,0.6835,0.6828,0,-0.0003,0,0.0132,0.0111,0.0094,0,-0.0002,0
40.884,30.3258483514,0.7058,0.687,0.6863,0,-0.0005,0,0.014,0.0117,0.0097,0,-0.0004,0
40.9234,30.2966514024,0.708,0.6902,0.6896,0,-0.0005,0,0.0144,0.0126,0.0101,0,-0.0007,0
40.9628,30.2675106194,0.7103,0.6929,0.6925,0,-0.0003,0,0.0147,0.0133,0.0106,0,-0.0009,0
41.0022,30.2384258406,0.7126,0.6954,0.6952,0,-0.0002,0,0.015,0.0136,0.0108,0,-0.0008,0
41.0417,30.209323298,0.7149,0.6983,0.6981,0,-0.0002,0,0.0154,0.0137,0.0108,0,-0.0007,0
41.0811,30.1803501854,0.7169,0.7011,0.7011,0,-0.0004,0,0.0159,0.014,0.0108,0,-0.0007,0
41.1205,30.1514325944,0.7188,0.7041,0.7043,0,-0.0005,0,0.0162,0.0143,0.011,0,-0.0009,0
41.1599,30.1225703658,0.7206,0.707,0.7073,0,-0.0006,0,0.0164,0.0149,0.0116,0,-0.0012,0
41.1994,30.0936902965,0.7224,0.7097,0.71,0,-0.0004,0,0.0164,0.0157,0.0124,0,-0.0014,0
41.2388,30.064938456,0.7243,0.7121,0.7122,0,-0.0002,0,0.0163,0.0163,0.0129,0,-0.0015,0
41.2782,30.0362415028,0.7266,0.7143,0.7145,0,-0.0001,0,0.0162,0.0167,0.0129,0,-0.0013,0
41.3176,30.0075992797,0.729,0.7169,0.7172,0,-0.0002,0,0.0164,0.0168,0.0129,0,-0.0011,0
41.3571,29.9789391423,0.7312,0.7199,0.7201,0,-0.0005,0,0.0169,0.0173,0.0133,0,-0.0012,0
41.3965,29.9504060488,0.7332,0.7229,0.7229,0,-0.0007,0,0.0176,0.0183,0.0141,0,-0.0014,0
41.4359,29.9219272177,0.7348,0.7253,0.7252,0,-0.0006,0,0.0183,0.0198,0.0151,0,-0.0018,0
41.4753,29.8935024943,0.7362,0.7271,0.7272,0,-0.0004,0,0.0186,0.021,0.0158,0,-0.002,0
41.5148,29.8650597859,0.7377,0.7288,0.7292,0,-0.0004,0,0.0184,0.0219,0.0163,0,-0.0021,0
41.5542,29.8367429526,0.7396,0.7308,0.7313,0,-0.0003,0,0.0184,0.0227,0.0168,0,-0.0022,0
41.5936,29.8084797661,0.7417,0.7325,0.7335,0,-0.0002,0,0.0186,0.0237,0.0174,0,-0.0025,0
41.633,29.7802700742,0.7437,0.7341,0.7356,0,0,0,0.019,0.0248,0.0182,0,-0.0027,0
41.6725,29.7520423301,0.7456,0.7353,0.7373,0,0.0004,0,0.0196,0.0258,0.019,0,-0.0027,0
41.7119,29.7239393075,0.7472,0.7362,0.7389,0,0.0007,0,0.0202,0.0262,0.0196,0,-0.0026,0
41.7513,29.6958893256,0.7487,0.7375,0.7405,0,0.0007,0,0.0207,0.026,0.0199,0,-0.0023,0
41.7907,29.6678922344,0.7503,0.7397,0.7423,0,0.0004,0,0.021,0.0259,0.0202,0,-0.0023,0
41.8302,29.6398770266,0.7521,0.7421,0.7443,0,0.0004,0,0.0215,0.0267,0.0206,0,-0.0026,0
41.8696,29.6119854023,0.7537,0.744,0.7463,0,0.0006,0,0.0222,0.0281,0.0211,0,-0.0029,0
41.909,29.5841462216,0.7552,0.745,0.7482,0,0.0011,0,0.023,0.0294,0.022,0,-0.0029,0
41.9485,29.556288878,0.7566,0.7459,0.7499,0,0.0013,0,0.0238,0.03,0.023,0,-0.0026,0
41.9879,29.528554274,0.7577,0.7471,0.7512,0,0.0012,0,0.0246,0.0304,0.0239,0,-0.0024,0
42.0273,29.5008716715,0.7587,0.7485,0.7523,0,0.0011,0,0.0253,0.0311,0.0244,0,-0.0025,0
42.0667,29.4732409245,0.7597,0.7497,0.7537,0,0.0012,0,0.0258,0.0317,0.0247,0,-0.0026,0
42.1062,29.4455919556,0.7607,0.751,0.7554,0,0.0013,0,0.0263,0.0323,0.0252,0,-0.0026,0
42.1456,29.4180646141,0.7616,0.7525,0.7571,0,0.0012,0,0.0267,0.0331,0.026,0,-0.0026,0
42.185,29.3905886927,0.7626,0.7536,0.7584,0,0.0012,0,0.027,0.0345,0.0271,0,-0.0028,0
42.2244,29.3631640473,0.7637,0.7541,0.7593,0,0.0014,0,0.0274,0.0358,0.0281,0,-0.0031,0
42.2639,29.3357211237,0.7648,0.754,0.76,0,0.0018,0,0.028,0.0365,0.0286,0,-0.0032,0
42.3033,29.3083987301,0.7657,0.754,0.7607,0,0.002,0,0.0286,0.0365,0.0288,0,-0.0031,0
42.3427,29.2811271837,0.7663,0.7544,0.7618,0,0.0022,0,0.0292,0.0361,0.0287,0,-0.003,0
42.3821,29.2539063425,0.7668,0.7556,0.7633,0,0.0023,0,0.0295,0.0356,0.0287,0,-0.0031,0
42.4216,29.2266671696,0.7673,0.7572,0.765,0,0.0026,0,0.0296,0.0357,0.0291,0,-0.0031,0
42.461,29.1995474435,0.7679,0.7587,0.7666,0,0.0029,0,0.0295,0.0366,0.0299,0,-0.0031,0
42.5004,29.1724780002,0.7688,0.7594,0.7677,0,0.0033,0,0.0292,0.0378,0.0309,0,-0.003,0
42.5398,29.1454586999,0.77,0.7593,0.7685,0,0.0037,0,0.029,0.0388,0.0317,0,-0.0027,0
42.5793,29.1184210168,0.7714,0.7589,0.7691,0,0.004,0,0.029,0.0389,0.0323,0,-0.0023,0
42.6187,29.0915017117,0.7727,0.7588,0.7699,0,0.004,0,0.0292,0.0383,0.0324,0,-0.0017,0
42.6581,29.0646321332,0.774,0.7591,0.771,0,0.0038,0,0.0296,0.0373,0.0326,0,-0.0013,0
42.6975,29.0378121436,0.7752,0.7601,0.7721,0,0.0036,0,0.0301,0.0361,0.033,0,-0.0012,0
42.737,29.010973723,0.7761,0.7617,0.7731,0,0.0034,0,0.0306,0.0351,0.0334,0,-0.0012,0
42.7764,28.9842526253,0.7772,0.7637,0.7741,0,0.0034,0,0.0309,0.0348,0.0337,0,-0.0013,0
42.8158,28.9575807062,0.7784,0.7657,0.7753,0,0.0036,0,0.0314,0.0349,0.0338,0,-0.0014,0
42.8552,28.9309578301,0.7796,0.7675,0.7769,0,0.0039,0,0.0323,0.0357,0.0342,0,-0.0013,0
42.8947,28.9043164773,0.7803,0.7686,0.7783,0,0.0042,0,0.0335,0.0368,0.0353,0,-0.001,0
42.9341,28.8777914059,0.7806,0.7692,0.7791,0,0.0043,0,0.0342,0.0376,0.0365,0,-0.0005,0
42.9735,28.8513149732,0.7809,0.7696,0.7796,0,0.0043,0,0.0347,0.0379,0.0371,0,-0.0001,0
43.0129,28.8248870455,0.7814,0.7701,0.7803,0,0.0041,0,0.0353,0.0377,0.0377,0,0.0004,0
43.0524,28.798440598,0.7816,0.7711,0.7811,0,0.0037,0,0.0359,0.0372,0.0382,0,0.0007,0
43.0918,28.7721094036,0.7817,0.7728,0.782,0,0.0032,0,0.0364,0.0369,0.0387,0,0.0007,0
43.1312,28.745826316,0.7815,0.7748,0.7829,0,0.003,0,0.0368,0.0375,0.0396,0,0.0004,0
43.1706,28.7195912033,0.7812,0.7763,0.7833,0,0.0031,0,0.0366,0.0387,0.0406,0,0.0003,0
43.2101,28.6933375299,0.7813,0.777,0.7833,0,0.0033,0,0.0359,0.0399,0.041,0,0.0005,0
43.2495,28.6671980948,0.7822,0.7775,0.784,0,0.0032,0,0.0354,0.0405,0.0409,0,0.0007,0
43.2889,28.641106242,0.783,0.7784,0.7854,0,0.0031,0,0.0355,0.041,0.0413,0,0.001,0
43.3283,28.6150618418,0.7833,0.7794,0.7865,0,0.0028,0,0.0357,0.0419,0.0426,0,0.0012,0
43.3678,28.5889988425,0.7833,0.78,0.7867,0,0.0025,0,0.0353,0.0431,0.0442,0,0.0012,0
43.4072,28.5630490794,0.7838,0.7802,0.7862,0,0.0022,0,0.0343,0.044,0.045,0,0.0011,0
43.4466,28.537146382,0.785,0.7806,0.7861,0,0.002,0,0.0336,0.0447,0.045,0,0.0009,0
43.486,28.5112906223,0.7864,0.7809,0.7865,0,0.002,0,0.0333,0.0461,0.0453,0,0.0005,0
43.5255,28.4854162273,0.7877,0.7802,0.7868,0,0.0023,0,0.0332,0.0474,0.046,0,0.0005,0
43.5649,28.4596540793,0.7893,0.779,0.7866,0,0.0025,0,0.0332,0.0477,0.0466,0,0.0006,0
43.6043,28.4339384877,0.791,0.7782,0.7863,0,0.0026,0,0.0337,0.0471,0.0466,0,0.0009,0
43.6437,28.4082693264,0.7923,0.7779,0.7863,0,0.0025,0,0.0346,0.0461,0.0463,0,0.0011,0
43.6832,28.3825814959,0.7933,0.7783,0.7866,0,0.0024,0,0.0358,0.0451,0.0459,0,0.0013,0
43.7226,28.3570049357,0.7939,0.7792,0.7875,0,0.0022,0,0.0372,0.0443,0.0456,0,0.0016,0
43.762,28.3314744299,0.7936,0.7805,0.7887,0,0.0018,0,0.0384,0.044,0.0457,0,0.0017,0
43.8014,28.3059898542,0.793,0.7815,0.7898,0,0.0015,0,0.0387,0.0443,0.0466,0,0.0016,0
43.8409,28.2804865776,0.7931,0.7823,0.7903,0,0.0014,0,0.0381,0.0446,0.048,0,0.0015,0
43.8803,28.2550936069,0.7941,0.783,0.7899,0,0.0012,0,0.0381,0.0448,0.0492,0,0.0014,0
43.9197,28.2297461959,0.7948,0.784,0.7891,0,0.0009,0,0.0388,0.0453,0.0497,0,0.0013,0
43.9591,28.204444222,0.7949,0.7848,0.7889,0,0.0008,0,0.0396,0.0463,0.0496,0,0.001,0
43.9986,28.1791235176,0.7948,0.7847,0.7888,0,0.0009,0,0.04,0.0477,0.05,0,0.0008,0
44.038,28.1539121668,0.7945,0.7839,0.7881,0,0.0009,0,0.0402,0.0484,0.0506,0,0.0008,0
44.0774,28.1287458879,0.7944,0.783,0.7868,0,0.0008,0,0.0399,0.0484,0.0504,0,0.0006,0
44.1168,28.1036245603,0.7947,0.7823,0.7858,0,0.0008,0,0.0395,0.0481,0.0493,0,0.0003,0
44.1563,28.0784844745,0.7953,0.7818,0.7855,0,0.0011,0,0.0392,0.0471,0.0474,0,0.0001,0
44.1957,28.053452802,0.7961,0.7821,0.7866,0,0.0016,0,0.039,0.0458,0.0457,0,0.0002,0
44.2351,28.0284657207,0.797,0.783,0.7882,0,0.0018,0,0.0394,0.045,0.0451,0,0.0006,0
44.2745,28.0035231115,0.7975,0.7839,0.7893,0,0.0016,0,0.0401,0.0447,0.0452,0,0.001,0
44.314,27.9785617186,0.7976,0.7846,0.79,0,0.0012,0,0.0408,0.0447,0.0452,0,0.0011,0
44.3534,27.9537078104,0.7976,0.785,0.7907,0,0.0009,0,0.0414,0.0445,0.0452,0,0.0011,0
44.3928,27.9288980195,0.7971,0.7858,0.7913,0,0.0007,0,0.0419,0.0441,0.0452,0,0.0009,0
44.4322,27.9041322284,0.7965,0.7868,0.7921,0,0.0006,0,0.0419,0.0441,0.0453,0,0.0008,0
44.4717,27.8793476301,0.796,0.7877,0.7928,0,0.0004,0,0.0416,0.0448,0.0457,0,0.0006,0
44.5111,27.8546695993,0.7955,0.7877,0.793,0,0.0004,0,0.0412,0.0456,0.0463,0,0.0002,0
44.5505,27.8300352185,0.7949,0.787,0.7928,0,0.0007,0,0.0402,0.0458,0.0462,0,-0.0001,0
44.5899,27.8054443719,0.7952,0.7866,0.793,0,0.001,0,0.0386,0.045,0.0457,0,-0.0001,0
44.6294,27.7808346964,0.7963,0.7871,0.7938,0,0.001,0,0.0375,0.0439,0.0453,0,0,0
44.6688,27.7563306827,0.7976,0.7883,0.7947,0,0.001,0,0.0371,0.0435,0.0455,0,-0.0001,0
44.7082,27.7318698583,0.7987,0.789,0.7951,0,0.0014,0,0.0372,0.0437,0.0461,0,-0.0003,0
44.7476,27.7074521092,0.7993,0.7892,0.7952,0,0.0019,0,0.0376,0.0438,0.0463,0,-0.0001,0
44.7871,27.6830155112,0.7997,0.7896,0.7954,0,0.0022,0,0.0377,0.0433,0.0463,0,0.0005,0
44.8265,27.6586836804,0.8,0.7905,0.7958,0,0.0019,0,0.0378,0.0428,0.0464,0,0.0012,0
44.8659,27.6343945848,0.8001,0.7917,0.7959,0,0.0013,0,0.0378,0.0429,0.0466,0,0.0016,0
44.9053,27.6101481117,0.8002,0.7925,0.796,0,0.0006,0,0.0376,0.0435,0.0466,0,0.0016,0
44.9448,27.5858827718,0.8005,0.7928,0.796,0,0.0002,0,0.0372,0.0442,0.0464,0,0.0012,0
44.9842,27.5617213155,0.8008,0.7929,0.7964,0,0,0,0.0368,0.0446,0.0459,0,0.0007,0
45.0236,27.5376021464,0.8013,0.7929,0.7972,0,0,0,0.0364,0.0449,0.0458,0,0.0004,0
45.063,27.5135251537,0.802,0.7928,0.7979,0,0,0,0.0359,0.0449,0.046,0,0.0002,0
45.1025,27.4894292778,0.8028,0.7928,0.7983,0,0.0001,0,0.0357,0.0448,0.0465,0,-0.0003,0
45.1419,27.4654364127,0.8035,0.793,0.7987,0,0.0005,0,0.0358,0.0448,0.0472,0,-0.0007,0
45.1813,27.4414853933,0.8039,0.7929,0.7984,0,0.0011,0,0.0359,0.0449,0.0481,0,-0.0007,0
45.2207,27.4175761101,0.8043,0.7926,0.7973,0,0.0015,0,0.0357,0.0446,0.0483,0,-0.0003,0
45.2602,27.3936479291,0.8051,0.7925,0.7964,0,0.0016,0,0.0356,0.0439,0.0476,0,0,0
45.2996,27.3698218969,0.8058,0.7929,0.7965,0,0.0016,0,0.0361,0.0432,0.0464,0,0.0003,0
45.339,27.3460372748,0.8057,0.7937,0.797,0,0.0015,0,0.0368,0.0427,0.0458,0,0.0006,0
45.3784,27.3222939548,0.805,0.7944,0.7974,0,0.0012,0,0.0367,0.0427,0.0455,0,0.0009,0
45.4179,27.2985317243,0.8047,0.7949,0.7978,0,0.0009,0,0.0358,0.0428,0.0452,0,0.0009,0
45.4573,27.2748707908,0.8051,0.7952,0.7982,0,0.0006,0,0.0346,0.0429,0.0451,0,0.0007,0
45.4967,27.251250838,0.8061,0.7953,0.7984,0,0.0005,0,0.0339,0.0428,0.045,0,0.0005,0
45.5361,27.2276717593,0.8072,0.7956,0.7984,0,0.0005,0,0.0336,0.0427,0.0447,0,0.0003,0
45.5756,27.2040737588,0.808,0.7958,0.7986,0,0.0005,0,0.0336,0.0427,0.0441,0,0.0002,0
45.615,27.180576214,0.8086,0.7959,0.7994,0,0.0007,0,0.0335,0.0427,0.0436,0,0.0001,0
45.6544,27.1571192262,0.8092,0.7959,0.8002,0,0.0009,0,0.0333,0.0425,0.0437,0,0.0001,0
45.6938,27.1337026905,0.8101,0.796,0.8005,0,0.0009,0,0.0331,0.042,0.0441,0,0.0002,0
45.7333,27.1102672232,0.811,0.7963,0.8004,0,0.0008,0,0.0331,0.0416,0.0442,0,0.0003,0
45.7727,27.0869313805,0.812,0.7966,0.8003,0,0.0008,0,0.0333,0.0414,0.0439,0,0.0003,0
45.8121,27.063635677,0.8128,0.7967,0.8005,0,0.0008,0,0.0339,0.041,0.0434,0,0.0002,0
45.8515,27.0403800094,0.8131,0.797,0.801,0,0.0009,0,0.0346,0.0404,0.0431,0,0.0003,0
45.891,27.0171054019,0.8131,0.7976,0.8015,0,0.0008,0,0.035,0.0398,0.0431,0,0.0005,0
45.9304,26.9939295978,0.8132,0.7985,0.8016,0,0.0005,0,0.0353,0.0395,0.0434,0,0.0006,0
45.9698,26.970793521,0.813,0.7993,0.8014,0,0.0002,0,0.0356,0.0394,0.0434,0,0.0004,0
46.0092,26.9476970693,0.8125,0.8001,0.8013,0,0.0001,0,0.0353,0.0396,0.0429,0,0.0001,0
46.0487,26.9245816711,0.8124,0.8006,0.8016,0,0.0002,0,0.0345,0.0401,0.0423,0,-0.0003,0
46.0881,26.901564265,0.813,0.8007,0.8021,0,0.0005,0,0.0336,0.0405,0.0421,0,-0.0004,0
46.1275,26.8785861796,0.8139,0.8006,0.8022,0,0.0007,0,0.0332,0.0407,0.0424,0,-0.0004,0
46.167,26.8555891438,0.8149,0.8006,0.8018,0,0.0007,0,0.0331,0.0407,0.0422,0,-0.0004,0
46.2064,26.8326894976,0.8159,0.8005,0.8015,0,0.0008,0,0.0332,0.0407,0.0413,0,-0.0005,0
46.2458,26.8098288709,0.8166,0.8003,0.8018,0,0.001,0,0.0339,0.0407,0.0403,0,-0.0005,0
46.2852,26.7870071643,0.8169,0.8,0.8027,0,0.0012,0,0.0346,0.0404,0.0395,0,-0.0004,0
46.3247,26.764166503,0.8167,0.7997,0.8038,0,0.0013,0,0.0351,0.0401,0.0394,0,-0.0004,0
46.3641,26.7414224368,0.8164,0.7993,0.8042,0,0.0014,0,0.0355,0.0396,0.04,0,-0.0002,0
46.4035,26.7187169933,0.8157,0.7988,0.8037,0,0.0014,0,0.0353,0.0385,0.0401,0,0,0
46.4429,26.6960500744,0.8153,0.7989,0.8032,0,0.0013,0,0.0345,0.037,0.0393,0,0.0001,0
46.4824,26.6733641981,0.8156,0.7997,0.8034,0,0.0012,0,0.0333,0.0356,0.0381,0,0.0001,0
46.5218,26.6507741317,0.8166,0.801,0.8043,0,0.0012,0,0.0326,0.0346,0.0371,0,0.0002,0
46.5612,26.6282222967,0.8176,0.8023,0.8053,0,0.0012,0,0.0326,0.0343,0.0368,0,0.0002,0
46.6006,26.605708596,0.8182,0.8033,0.806,0,0.0011,0,0.0331,0.0343,0.0367,0,0.0003,0
46.6401,26.5831759366,0.8183,0.8042,0.8065,0,0.0009,0,0.0334,0.0342,0.0365,0,0.0003,0
46.6795,26.5607383113,0.8184,0.805,0.8072,0,0.0008,0,0.0336,0.0344,0.0363,0,0.0001,0
46.7189,26.5383385311,0.8181,0.8055,0.8078,0,0.0009,0,0.0338,0.0349,0.0364,0,0,0
46.7583,26.5159765004,0.8175,0.8056,0.8081,0,0.0009,0,0.0334,0.0351,0.0365,0,-0.0001,0
46.7978,26.4935955109,0.8171,0.8056,0.8082,0,0.001,0,0.0325,0.0349,0.0363,0,-0.0001,0
46.8372,26.4713087887,0.8173,0.8058,0.8085,0,0.001,0,0.0314,0.0346,0.0361,0,-0.0002,0
46.8766,26.4490595308,0.8178,0.8061,0.8088,0,0.0011,0,0.0304,0.0342,0.0358,0,-0.0002,0
46.916,26.4268476426,0.8184,0.8067,0.809,0,0.0012,0,0.0295,0.0339,0.0356,0,-0.0002,0
46.9555,26.4046167968,0.8192,0.8072,0.8093,0,0.0012,0,0.0286,0.0338,0.0352,0,-0.0003,0
46.9949,26.3824794605,0.8204,0.8077,0.8097,0,0.0014,0,0.0278,0.0338,0.0346,0,-0.0004,0
47.0343,26.3603792126,0.8219,0.808,0.8103,0,0.0016,0,0.0274,0.0338,0.0343,0,-0.0003,0
47.0737,26.3383159599,0.8234,0.8082,0.811,0,0.0018,0,0.0275,0.0339,0.0341,0,-0.0002,0
47.1132,26.3162337519,0.8245,0.808,0.8114,0,0.0019,0,0.0282,0.0339,0.0341,0,0.0001,0
47.1526,26.2942443047,0.8249,0.8077,0.8116,0,0.0019,0,0.0289,0.0334,0.0338,0,0.0004,0
47.192,26.2722915748,0.8249,0.8077,0.812,0,0.0017,0,0.0292,0.0323,0.0333,0,0.0006,0
47.2314,26.2503754706,0.8249,0.8085,0.8128,0,0.0015,0,0.0289,0.0313,0.0327,0,0.0007,0
47.2709,26.2284404147,0.8254,0.8098,0.8138,0,0.0013,0,0.0283,0.0308,0.0326,0,0.0006,0
47.3103,26.2065973794,0.8265,0.8108,0.8147,0,0.0011,0,0.028,0.0311,0.0329,0,0.0004,0
47.3497,26.1847906956,0.8276,0.8112,0.8151,0,0.0012,0,0.0285,0.0315,0.0334,0,0.0001,0
47.3891,26.1630202726,0.828,0.8112,0.8152,0,0.0015,0,0.0292,0.0315,0.0337,0,0.0001,0
47.4286,26.1412309029,0.8278,0.8113,0.8151,0,0.0018,0,0.0295,0.0311,0.0336,0,0.0002,0
47.468,26.1195328221,0.8277,0.8118,0.8153,0,0.0019,0,0.0292,0.0306,0.0332,0,0.0004,0
47.5074,26.0978707317,0.828,0.8123,0.8157,0,0.0019,0,0.0286,0.0303,0.0331,0,0.0007,0
47.5468,26.0762445422,0.8288,0.813,0.816,0,0.0017,0,0.0282,0.03,0.033,0,0.0009,0
47.5863,26.054599412,0.8299,0.8138,0.8162,0,0.0015,0,0.0281,0.0298,0.0326,0,0.001,0
47.6257,26.0330448476,0.8306,0.8146,0.8169,0,0.0014,0,0.0286,0.03,0.0322,0,0.001,0
47.6651,26.0115259173,0.8309,0.8151,0.8177,0,0.0013,0,0.0291,0.0305,0.0322,0,0.0009,0
47.7045,25.9900425327,0.831,0.8151,0.8183,0,0.0013,0,0.0292,0.0311,0.0327,0,0.0009,0
47.744,25.9685402145,0.8313,0.8147,0.8183,0,0.0013,0,0.0292,0.0312,0.0333,0,0.0008,0
47.7834,25.9471277473,0.8314,0.8143,0.8178,0,0.0014,0,0.0293,0.0307,0.0334,0,0.0009,0
47.8228,25.9257505625,0.8314,0.8144,0.8173,0,0.0013,0,0.0289,0.0298,0.033,0,0.0011,0
47.8622,25.9044085729,0.832,0.815,0.8171,0,0.001,0,0.0283,0.0289,0.032,0,0.0013,0
47.9017,25.883047658,0.833,0.816,0.8177,0,0.0007,0,0.0281,0.0286,0.031,0,0.0011,0
47.9411,25.8617758875,0.834,0.8169,0.8188,0,0.0007,0,0.0285,0.0288,0.0304,0,0.0007,0
47.9805,25.8405390523,0.8345,0.8172,0.8197,0,0.001,0,0.0292,0.0293,0.0305,0,0.0004,0
48.0199,25.8193370665,0.8345,0.8171,0.8202,0,0.0013,0,0.0298,0.0295,0.0309,0,0.0005,0
48.0594,25.7981161646,0.8342,0.8168,0.8204,0,0.0015,0,0.0301,0.0294,0.0311,0,0.0008,0
48.0988,25.7769837085,0.8339,0.8166,0.8204,0,0.0014,0,0.0299,0.0289,0.0311,0,0.001,0
48.1382,25.7558858453,0.8339,0.8167,0.8203,0,0.0011,0,0.0294,0.0281,0.0309,0,0.0011,0
48.1776,25.7348224901,0.8342,0.8171,0.8203,0,0.001,0,0.0288,0.0274,0.0304,0,0.001,0
48.2171,25.7137402291,0.8349,0.8176,0.8206,0,0.001,0,0.0283,0.0267,0.0297,0,0.0009,0
48.2565,25.6927457234,0.8356,0.8183,0.8213,0,0.0011,0,0.0282,0.0262,0.0292,0,0.0008,0
48.2959,25.6717854725,0.8362,0.8191,0.8219,0,0.0012,0,0.0283,0.0259,0.0291,0,0.0009,0
48.3353,25.6508593926,0.8366,0.8197,0.8223,0,0.0012,0,0.0284,0.0258,0.029,0,0.001,0
48.3748,25.6299144183,0.837,0.8201,0.8226,0,0.0012,0,0.0284,0.0255,0.0288,0,0.0011,0
48.4142,25.6090565165,0.8375,0.8207,0.8231,0,0.0011,0,0.0284,0.025,0.0283,0,0.0012,0
48.4536,25.5882325359,0.838,0.8218,0.8239,0,0.0011,0,0.0287,0.0247,0.0279,0,0.0012,0
48.493,25.5674423937,0.8382,0.8227,0.8247,0,0.0011,0,0.0292,0.025,0.028,0,0.0013,0
48.5325,25.5466333694,0.838,0.8231,0.8252,0,0.001,0,0.0294,0.0255,0.0284,0,0.0014,0
48.5719,25.5259107426,0.8376,0.8231,0.8254,0,0.0009,0,0.0292,0.0256,0.0287,0,0.0015,0
48.6113,25.5052217077,0.8375,0.8231,0.8253,0,0.0007,0,0.0285,0.0253,0.0286,0,0.0015,0
48.6507,25.484566183,0.8379,0.8235,0.8253,0,0.0006,0,0.0277,0.0248,0.0282,0,0.0014,0
48.6902,25.4638917893,0.8384,0.8241,0.8258,0,0.0005,0,0.0272,0.0244,0.0277,0,0.0013,0
48.7296,25.4433031258,0.8391,0.8249,0.8264,0,0.0004,0,0.0267,0.0242,0.0274,0,0.0012,0
48.769,25.4227477291,0.84,0.8257,0.827,0,0.0004,0,0.0263,0.0242,0.0271,0,0.001,0
48.8084,25.4022255186,0.841,0.8264,0.8278,0,0.0005,0,0.0262,0.0245,0.027,0,0.0009,0
48.8479,25.3816844532,0.8419,0.8268,0.8286,0,0.0007,0,0.0263,0.0248,0.0273,0,0.0009,0
48.8873,25.3612284581,0.8426,0.8271,0.8291,0,0.0008,0,0.0265,0.0251,0.0278,0,0.0011,0
48.9267,25.3408054089,0.8433,0.8272,0.8292,0,0.0007,0,0.0268,0.0254,0.0284,0,0.0012,0
48.9661,25.320415226,0.8436,0.8271,0.8289,0,0.0006,0,0.027,0.0256,0.0287,0,0.0013,0
49.0056,25.3000062034,0.8442,0.8269,0.8285,0,0.0004,0,0.027,0.0253,0.0285,0,0.0013,0
49.045,25.2796815985,0.845,0.8271,0.8284,0,0.0003,0,0.0271,0.0248,0.0279,0,0.0011,0
49.0844,25.2593896228,0.8459,0.8276,0.8288,0,0.0004,0,0.0276,0.0246,0.0274,0,0.001,0
49.1238,25.2391301976,0.8464,0.8279,0.8292,0,0.0005,0,0.0284,0.0246,0.0272,0,0.001,0
49.1633,25.2188519485,0.8463,0.8279,0.8295,0,0.0006,0,0.0292,0.0245,0.027,0,0.0011,0
49.2027,25.198657472,0.846,0.8279,0.8298,0,0.0005,0,0.0295,0.0241,0.0269,0,0.0012,0
49.2421,25.1784953119,0.8459,0.8282,0.8299,0,0.0003,0,0.0294,0.0235,0.0267,0,0.0012,0
49.2815,25.1583653907,0.8461,0.8288,0.8301,0,0.0002,0,0.0293,0.023,0.0263,0,0.0011,0
49.321,25.1382166623,0.8463,0.8295,0.8305,0,0.0002,0,0.0296,0.0229,0.0258,0,0.0009,0
49.3604,25.1181510685,0.846,0.8299,0.8309,0,0.0003,0,0.0298,0.023,0.0255,0,0.0007,0
49.3998,25.0981174823,0.8457,0.8301,0.8313,0,0.0005,0,0.0294,0.0228,0.0252,0,0.0007,0
49.4392,25.0781158271,0.8459,0.8304,0.8319,0,0.0006,0,0.0287,0.0225,0.0248,0,0.0008,0
49.4787,25.0580953825,0.8466,0.8308,0.8327,0,0.0007,0,0.0281,0.0222,0.0246,0,0.0009,0
49.5181,25.0381574414,0.8476,0.8311,0.8333,0,0.0008,0,0.0279,0.0219,0.0247,0,0.001,0
49.5575,25.0182512031,0.8484,0.8316,0.8337,0,0.0008,0,0.0283,0.0214,0.0248,0,0.0012,0
49.5969,24.9983765921,0.8487,0.8323,0.834,0,0.0007,0,0.0288,0.021,0.0248,0,0.0013,0
49.6364,24.9784832099,0.8488,0.8333,0.8345,0,0.0006,0,0.029,0.0209,0.0246,0,0.0014,0
49.6758,24.9586717074,0.8491,0.8341,0.8352,0,0.0004,0,0.0289,0.0211,0.0247,0,0.0015,0
49.7152,24.9388916066,0.8496,0.8347,0.8357,0,0.0003,0,0.029,0.0216,0.0252,0,0.0015,0
49.7546,24.919142833,0.8499,0.8348,0.8355,0,0.0002,0,0.0295,0.022,0.0257,0,0.0014,0
49.7941,24.8993753075,0.85,0.8347,0.835,0,0.0001,0,0.0299,0.022,0.0257,0,0.0013,0
49.8335,24.8796890445,0.8498,0.8347,0.8348,0,0.0001,0,0.0302,0.0217,0.0251,0,0.0012,0
49.8729,24.8600338861,0.8493,0.835,0.8349,0,0.0001,0,0.0301,0.0214,0.0244,0,0.0012,0
49.9123,24.8404097587,0.8489,0.8354,0.8355,0,0.0001,0,0.0294,0.021,0.0237,0,0.0012,0
49.9518,24.8207668993,0.8493,0.836,0.8362,0,0,0,0.0284,0.0206,0.0233,0,0.0012,0
49.9912,24.801204692,0.8503,0.8366,0.8369,0,0,0,0.0278,0.0205,0.0231,0,0.0011,0
50.0306,24.7816732959,0.8513,0.8373,0.8377,0,0.0001,0,0.0276,0.0205,0.023,0,0.001,0
50.07,24.7621726383,0.8524,0.8378,0.8385,0,0.0002,0,0.0278,0.0206,0.023,0,0.0011,0
50.1095,24.7426532693,0.8533,0.8383,0.8392,0,0.0002,0,0.0283,0.0208,0.0234,0,0.0012,0
50.1489,24.7232139489,0.8538,0.8387,0.8396,0,0.0001,0,0.0291,0.021,0.0238,0,0.0013,0
50.1883,24.7038051498,0.8539,0.8388,0.8398,0,0,0,0.0298,0.0212,0.0242,0,0.0013,0
50.2277,24.6844268004,0.8539,0.839,0.8398,0,-0.0001,0,0.0302,0.0211,0.0245,0,0.0013,0
50.2672,24.665029761,0.8538,0.8393,0.8398,0,-0.0001,0,0.0306,0.021,0.0246,0,0.0012,0
50.3066,24.645712173,0.8535,0.8398,0.8398,0,-0.0002,0,0.0307,0.021,0.0245,0,0.0012,0
50.346,24.6264248202,0.8533,0.8401,0.8399,0,-0.0002,0,0.0304,0.0213,0.0246,0,0.0011,0
50.3855,24.6071187941,0.8536,0.84,0.8398,0,-0.0001,0,0.03,0.0216,0.0246,0,0.0011,0
50.4249,24.5878917757,0.8541,0.8397,0.8395,0,-0.0001,0,0.03,0.0215,0.0244,0,0.0012,0
50.4643,24.5686947803,0.8544,0.8395,0.8393,0,-0.0002,0,0.03,0.0209,0.0239,0,0.0013,0
50.5037,24.5495277376,0.8548,0.8398,0.8395,0,-0.0004,0,0.0301,0.0202,0.0232,0,0.0012,0
50.5432,24.530342044,0.8552,0.8404,0.84,0,-0.0004,0,0.0304,0.0197,0.0225,0,0.0011,0
50.5826,24.5112347724,0.8553,0.841,0.8406,0,-0.0004,0,0.0307,0.0194,0.0221,0,0.001,0
50.622,24.4921572439,0.8552,0.8416,0.8412,0,-0.0004,0,0.0308,0.0192,0.0219,0,0.001,0
50.6614,24.473109389,0.8554,0.8422,0.8417,0,-0.0004,0,0.0307,0.019,0.0217,0,0.0009,0
50.7009,24.4540429065,0.8557,0.8429,0.8422,0,-0.0003,0,0.0307,0.019,0.0215,0,0.0009,0
50.7403,24.4350542665,0.8559,0.8435,0.8429,0,-0.0003,0,0.031,0.019,0.0213,0,0.0009,0
50.7797,24.4160950931,0.8558,0.8441,0.8436,0,-0.0004,0,0.0311,0.0191,0.0213,0,0.0009,0
50.8191,24.3971653178,0.8558,0.8446,0.8443,0,-0.0004,0,0.031,0.0194,0.0215,0,0.0009,0
50.8586,24.3782169387,0.856,0.8449,0.8447,0,-0.0004,0,0.0308,0.0196,0.0219,0,0.0009,0
50.898,24.3593458289,0.8563,0.8451,0.845,0,-0.0004,0,0.031,0.0198,0.0222,0,0.001,0
50.9374,24.3405039126,0.8562,0.8452,0.8451,0,-0.0005,0,0.0311,0.0198,0.0224,0,0.001,0
50.9768,24.3216911222,0.8562,0.8456,0.8452,0,-0.0007,0,0.0309,0.0197,0.0225,0,0.001,0
51.0163,24.3028597527,0.8563,0.8459,0.8453,0,-0.0008,0,0.0308,0.0198,0.0224,0,0.0008,0
51.0557,24.2841050852,0.8563,0.8461,0.8454,0,-0.0009,0,0.0306,0.0199,0.0224,0,0.0006,0
51.0951,24.2653793417,0.8563,0.8462,0.8455,0,-0.0008,0,0.0301,0.0198,0.0223,0,0.0004,0
51.1345,24.2466824551,0.8566,0.8465,0.8457,0,-0.0006,0,0.0295,0.0196,0.022,0,0.0003,0
51.174,24.2279670145,0.8572,0.8469,0.846,0,-0.0004,0,0.0288,0.0195,0.0218,0,0.0003,0
51.2134,24.209327715,0.8583,0.8474,0.8465,0,-0.0003,0,0.0284,0.0195,0.0216,0,0.0004,0
51.2528,24.190717073,0.8596,0.8478,0.847,0,-0.0004,0,0.0284,0.0196,0.0217,0,0.0005,0
51.2922,24.1721350225,0.8608,0.848,0.8474,0,-0.0005,0,0.0291,0.0198,0.0219,0,0.0005,0
51.3317,24.1535344436,0.8614,0.8481,0.8476,0,-0.0005,0,0.0301,0.02,0.0221,0,0.0004,0
51.3711,24.1350094508,0.8617,0.8482,0.8476,0,-0.0004,0,0.0309,0.0199,0.0222,0,0.0004,0
51.4105,24.1165128524,0.8619,0.8484,0.8477,0,-0.0003,0,0.032,0.0198,0.0222,0,0.0003,0
51.4499,24.0980445832,0.8613,0.8486,0.8478,0,-0.0002,0,0.033,0.0198,0.0221,0,0.0004,0
51.4894,24.0795578119,0.8602,0.8488,0.8479,0,-0.0002,0,0.0332,0.0198,0.0221,0,0.0005,0
51.5288,24.0611460775,0.8597,0.8489,0.8479,0,-0.0003,0,0.0324,0.0197,0.0221,0,0.0006,0
51.5682,24.0427624777,0.8602,0.8491,0.8479,0,-0.0004,0,0.0318,0.0195,0.0219,0,0.0005,0
51.6076,24.0244069478,0.8609,0.8493,0.8479,0,-0.0004,0,0.0319,0.0194,0.0216,0,0.0005,0
51.6471,24.0060329428,0.8611,0.8496,0.8481,0,-0.0003,0,0.0324,0.0192,0.0213,0,0.0005,0
51.6865,23.9877334314,0.861,0.85,0.8484,0,-0.0004,0,0.0327,0.0191,0.0209,0,0.0006,0
51.7259,23.9694617977,0.861,0.8503,0.8488,0,-0.0005,0,0.0328,0.0191,0.0208,0,0.0006,0
51.7653,23.9512179781,0.861,0.8504,0.849,0,-0.0006,0,0.033,0.0191,0.0208,0,0.0005,0
51.8048,23.9329557107,0.861,0.8506,0.8491,0,-0.0006,0,0.0331,0.0189,0.0206,0,0.0004,0
51.8442,23.9147673992,0.8611,0.851,0.8494,0,-0.0006,0,0.0332,0.0186,0.0201,0,0.0003,0
51.8836,23.8966067119,0.8611,0.8516,0.8499,0,-0.0005,0,0.0334,0.0186,0.0198,0,0.0003,0
51.923,23.8784735859,0.8612,0.852,0.8504,0,-0.0005,0,0.0337,0.0188,0.0198,0,0.0002,0
51.9625,23.8603220399,0.8609,0.8521,0.8507,0,-0.0004,0,0.0344,0.0191,0.02,0,0.0002,0
52.0019,23.842243918,0.8599,0.852,0.8507,0,-0.0004,0,0.0348,0.019,0.0199,0,0.0002,0
52.0413,23.8241931697,0.8587,0.852,0.8509,0,-0.0003,0,0.0341,0.0187,0.0196,0,0.0002,0
52.0807,23.8061697327,0.8583,0.8523,0.8513,0,-0.0003,0,0.0328,0.0184,0.0193,0,0.0002,0
52.1202,23.7881279043,0.8587,0.8527,0.8518,0,-0.0003,0,0.0318,0.0181,0.0192,0,0.0003,0
52.1596,23.7701589736,0.8591,0.8532,0.8521,0,-0.0003,0,0.0313,0.0181,0.0192,0,0.0004,0
52.199,23.7522171689,0.8595,0.8534,0.8524,0,-0.0004,0,0.0307,0.018,0.0192,0,0.0003,0
52.2384,23.7343024289,0.86,0.8537,0.8526,0,-0.0005,0,0.03,0.0178,0.019,0,0.0003,0
52.2779,23.7163693262,0.8611,0.8542,0.853,0,-0.0005,0,0.0295,0.0176,0.0187,0,0.0001,0
52.3173,23.6985086004,0.8624,0.8549,0.8536,0,-0.0004,0,0.0297,0.0177,0.0186,0,0,0
52.3567,23.680674756,0.8631,0.8554,0.854,0,-0.0002,0,0.0306,0.0181,0.0188,0,-0.0001,0
52.3961,23.6628677325,0.8631,0.8554,0.8543,0,0,0,0.0316,0.0185,0.0189,0,0,0
52.4356,23.6450423758,0.8625,0.8552,0.8544,0,0.0002,0,0.032,0.0186,0.019,0,0.0002,0
52.475,23.6272888804,0.862,0.8552,0.8546,0,0.0002,0,0.0317,0.0183,0.019,0,0.0004,0
52.5144,23.6095620249,0.862,0.8553,0.8548,0,0,0,0.0311,0.018,0.0189,0,0.0006,0
52.5538,23.5918617493,0.8622,0.8555,0.8549,0,-0.0001,0,0.0307,0.0178,0.0189,0,0.0007,0
52.5933,23.5741431703,0.8627,0.8559,0.8551,0,-0.0003,0,0.0302,0.0174,0.0188,0,0.0008,0
52.6327,23.5564959426,0.8635,0.8564,0.8553,0,-0.0006,0,0.0301,0.0172,0.0186,0,0.0007,0
52.6721,23.538875116,0.8642,0.8569,0.8556,0,-0.0007,0,0.0305,0.0173,0.0184,0,0.0005,0
52.7115,23.5212806314,0.8643,0.8572,0.856,0,-0.0006,0,0.031,0.0174,0.0183,0,0.0003,0
52.751,23.5036678736,0.8643,0.8575,0.8564,0,-0.0005,0,0.0312,0.0174,0.0183,0,0.0002,0
52.7904,23.4861259623,0.8645,0.8579,0.8567,0,-0.0005,0,0.0313,0.0174,0.0184,0,0.0002,0
52.8298,23.4686102162,0.8646,0.8581,0.8569,0,-0.0004,0,0.0315,0.0176,0.0185,0,0.0002,0
52.8692,23.4511205768,0.8646,0.8582,0.857,0,-0.0003,0,0.0316,0.0178,0.0185,0,0.0002,0
52.9087,23.4336126951,0.8647,0.8582,0.857,0,-0.0002,0,0.0316,0.0176,0.0185,0,0.0003,0
52.9481,23.4161751602,0.8649,0.8583,0.857,0,-0.0003,0,0.0316,0.0173,0.0182,0,0.0004,0
52.9875,23.3987635574,0.8651,0.8587,0.8572,0,-0.0005,0,0.0318,0.0171,0.0178,0,0.0004,0
53.0269,23.381377829,0.8653,0.8592,0.8576,0,-0.0006,0,0.0323,0.017,0.0175,0,0.0003,0
53.0664,23.3639738893,0.865,0.8596,0.8581,0,-0.0006,0,0.0328,0.017,0.0174,0,0.0002,0
53.1058,23.3466398021,0.8642,0.8598,0.8585,0,-0.0005,0,0.033,0.0172,0.0175,0,0.0002,0
53.1452,23.3293314166,0.8635,0.8598,0.8587,0,-0.0006,0,0.0325,0.0172,0.0175,0,0.0003,0
53.1846,23.3120486757,0.8634,0.86,0.8587,0,-0.0007,0,0.0317,0.0169,0.0173,0,0.0002,0
53.2241,23.2947477552,0.8637,0.8605,0.8591,0,-0.0008,0,0.0311,0.0165,0.017,0,0,0
53.2635,23.2775161978,0.8642,0.8612,0.8597,0,-0.0007,0,0.0307,0.0165,0.0167,0,-0.0002,0
53.3029,23.2603101145,0.8646,0.8618,0.8603,0,-0.0005,0,0.0305,0.0169,0.0168,0,-0.0003,0
53.3423,23.2431294489,0.865,0.862,0.8607,0,-0.0003,0,0.0304,0.0174,0.0171,0,-0.0003,0
53.3818,23.2259306355,0.8655,0.8619,0.8609,0,-0.0002,0,0.0304,0.0177,0.0173,0,-0.0002,0
53.4212,23.2088007008,0.866,0.8618,0.861,0,-0.0001,0,0.0306,0.0177,0.0174,0,-0.0002,0
53.4606,23.1916960154,0.8662,0.8618,0.8611,0,0,0,0.0312,0.0175,0.0174,0,-0.0001,0
53.5,23.1746165234,0.8659,0.8619,0.8612,0,0.0001,0,0.0316,0.0173,0.0174,0,0.0001,0
53.5395,23.1575189159,0.8654,0.8621,0.8614,0,0,0,0.0316,0.017,0.0173,0,0.0003,0
53.5789,23.1404897077,0.8651,0.8625,0.8616,0,-0.0002,0,0.0311,0.0168,0.0171,0,0.0004,0
53.6183,23.1234855264,0.8654,0.8629,0.862,0,-0.0004,0,0.0305,0.0167,0.017,0,0.0004,0
53.6577,23.1065063169,0.8659,0.8634,0.8624,0,-0.0005,0,0.0304,0.0168,0.017,0,0.0003,0
53.6972,23.0895090247,0.8662,0.8638,0.8627,0,-0.0006,0,0.0306,0.017,0.0172,0,0.0002,0
53.7366,23.0725796571,0.8662,0.8639,0.8628,0,-0.0007,0,0.0308,0.0173,0.0174,0,0.0001,0
53.776,23.0556750967,0.866,0.8639,0.8627,0,-0.0006,0,0.0306,0.0173,0.0173,0,-0.0001,0
53.8154,23.0387952891,0.8662,0.8641,0.8629,0,-0.0005,0,0.0302,0.0173,0.0171,0,-0.0002,0
53.8549,23.0218974318,0.8666,0.8643,0.8632,0,-0.0004,0,0.0302,0.0173,0.017,0,-0.0002,0
53.8943,23.0050670294,0.8667,0.8645,0.8635,0,-0.0004,0,0.0304,0.0174,0.0171,0,-0.0001,0
53.9337,22.988261217,0.8665,0.8646,0.8637,0,-0.0003,0,0.0304,0.0175,0.0172,0,-0.0001,0
53.9731,22.9714799409,0.8665,0.8646,0.8637,0,-0.0003,0,0.0299,0.0175,0.0173,0,-0.0001,0
54.0126,22.9546806486,0.867,0.8645,0.8637,0,-0.0004,0,0.0295,0.0175,0.0172,0,0,0
54.052,22.937948346,0.8676,0.8646,0.8637,0,-0.0005,0,0.0298,0.0173,0.017,0,-0.0001,0
54.0914,22.921240419,0.8675,0.8648,0.8638,0,-0.0005,0,0.0302,0.0171,0.0167,0,-0.0002,0
54.1308,22.9045568142,0.867,0.865,0.8641,0,-0.0004,0,0.03,0.017,0.0163,0,-0.0004,0
54.1703,22.8878552269,0.867,0.8652,0.8646,0,-0.0002,0,0.0292,0.017,0.0162,0,-0.0004,0
54.2097,22.8712201691,0.8678,0.8653,0.865,0,-0.0001,0,0.0284,0.017,0.0163,0,-0.0003,0
54.2491,22.8546092746,0.869,0.8653,0.8652,0,-0.0001,0,0.0284,0.0169,0.0165,0,-0.0002,0
54.2885,22.838022491,0.87,0.8653,0.8652,0,-0.0001,0,0.0291,0.0165,0.0166,0,-0.0001,0
54.328,22.8214177588,0.8705,0.8656,0.8651,0,-0.0001,0,0.0302,0.0161,0.0163,0,0,0
54.3674,22.8048791003,0.8704,0.8663,0.8654,0,-0.0002,0,0.0313,0.0158,0.016,0,0,0
54.4068,22.7883643956,0.8698,0.867,0.8659,0,-0.0004,0,0.0321,0.016,0.0158,0,0,0
54.4462,22.7718735926,0.869,0.8673,0.8662,0,-0.0004,0,0.0326,0.0164,0.0159,0,-0.0001,0
54.4857,22.7553648756,0.868,0.8673,0.8663,0,-0.0004,0,0.0328,0.0168,0.016,0,-0.0003,0
54.5251,22.738921781,0.8669,0.8671,0.8664,0,-0.0004,0,0.0323,0.0168,0.0159,0,-0.0004,0
54.5645,22.7225024329,0.8662,0.8671,0.8666,0,-0.0002,0,0.0313,0.0168,0.0157,0,-0.0005,0
54.604,22.7060651967,0.8663,0.867,0.8669,0,-0.0001,0,0.0303,0.0166,0.0157,0,-0.0005,0
54.6434,22.6896932475,0.8667,0.8669,0.867,0,0,0,0.0298,0.0164,0.0157,0,-0.0004,0
54.6828,22.6733448909,0.8668,0.8669,0.867,0,0,0,0.0295,0.0159,0.0155,0,-0.0003,0
54.7222,22.6570200759,0.8669,0.8672,0.8671,0,0.0001,0,0.0289,0.0154,0.0151,0,-0.0003,0
54.7617,22.6406774078,0.8674,0.8677,0.8675,0,0.0001,0,0.0283,0.015,0.0147,0,-0.0002,0
54.8011,22.6243995832,0.8682,0.8684,0.8681,0,0.0001,0,0.0282,0.0149,0.0146,0,-0.0002,0
54.8405,22.6081451482,0.8686,0.8689,0.8686,0,0.0001,0,0.0286,0.0152,0.0148,0,-0.0001,0
54.8799,22.5919140523,0.8685,0.869,0.8687,0,0.0001,0,0.029,0.0154,0.0149,0,-0.0001,0
54.9194,22.5756651384,0.8681,0.8689,0.8687,0,0.0001,0,0.0289,0.0153,0.0149,0,-0.0001,0
54.9588,22.5594806291,0.8679,0.869,0.8688,0,0.0001,0,0.0283,0.015,0.0146,0,-0.0001,0
54.9982,22.5433193086,0.8682,0.8694,0.8692,0,0.0002,0,0.0278,0.0147,0.0142,0,-0.0001,0
55.0376,22.5271811271,0.8686,0.8699,0.8699,0,0.0002,0,0.0275,0.0145,0.014,0,0,0
55.0771,22.5110251629,0.8689,0.8704,0.8706,0,0.0002,0,0.0275,0.0146,0.0141,0,0,0
55.1165,22.4949331688,0.869,0.8706,0.8709,0,0.0001,0,0.0275,0.0148,0.0145,0,0.0001,0
55.1559,22.478864165,0.869,0.8707,0.871,0,0.0001,0,0.0275,0.0149,0.0148,0,0.0001,0
55.1953,22.4628181023,0.8689,0.8707,0.871,0,0,0,0.0271,0.0146,0.0148,0,0.0002,0
55.2348,22.4467542926,0.869,0.8711,0.8713,0,-0.0001,0,0.0266,0.0143,0.0146,0,0.0001,0
55.2742,22.4307540227,0.8694,0.8718,0.8716,0,-0.0002,0,0.0261,0.0142,0.0147,0,0,0
55.3136,22.4147765468,0.8699,0.8724,0.8718,0,-0.0002,0,0.0257,0.0145,0.0148,0,-0.0001,0
55.353,22.3988218163,0.8706,0.8727,0.8719,0,-0.0001,0,0.0254,0.0148,0.0148,0,-0.0002,0
55.3925,22.3828493749,0.8715,0.8729,0.8722,0,0,0,0.0257,0.0151,0.0148,0,-0.0001,0
55.4319,22.3669400472,0.8719,0.873,0.8724,0,0.0001,0,0.0263,0.0153,0.0148,0,-0.0001,0
55.4713,22.3510533195,0.8717,0.873,0.8726,0,0.0001,0,0.0266,0.0155,0.0149,0,0,0
55.5107,22.3351891437,0.8716,0.8729,0.8726,0,0.0002,0,0.0265,0.0155,0.015,0,0,0
55.5502,22.3193072932,0.8716,0.8729,0.8727,0,0.0002,0,0.0262,0.0153,0.015,0,0.0001,0
55.5896,22.3034881345,0.8719,0.8731,0.8729,0,0.0001,0,0.0259,0.0151,0.0149,0,0.0002,0
55.629,22.287691384,0.8724,0.8735,0.8731,0,0.0001,0,0.0257,0.015,0.0148,0,0.0003,0
55.6684,22.2719169942,0.873,0.8739,0.8733,0,0,0,0.026,0.0152,0.0149,0,0.0004,0
55.7079,22.2561249661,0.8732,0.8741,0.8733,0,-0.0002,0,0.0264,0.0154,0.0149,0,0.0004,0
55.7473,22.240395212,0.8731,0.8741,0.8734,0,-0.0003,0,0.0266,0.0156,0.0148,0,0.0003,0
55.7867,22.2246876765,0.873,0.874,0.8736,0,-0.0004,0,0.0265,0.0157,0.0146,0,0.0001,0
55.8261,22.2090023125,0.8731,0.874,0.874,0,-0.0004,0,0.0261,0.0156,0.0145,0,0,0
55.8656,22.193299347,0.8737,0.8741,0.8743,0,-0.0003,0,0.0259,0.0155,0.0145,0,-0.0001,0
55.905,22.1776582417,0.8744,0.874,0.8745,0,-0.0002,0,0.0262,0.0155,0.0147,0,-0.0001,0
55.9444,22.1620391675,0.8749,0.874,0.8746,0,-0.0002,0,0.0267,0.0152,0.0149,0,-0.0001,0
55.9838,22.1464420779,0.8751,0.8742,0.8745,0,-0.0002,0,0.0274,0.0149,0.0149,0,-0.0001,0
56.0233,22.1308274236,0.8749,0.8745,0.8745,0,-0.0002,0,0.0281,0.0147,0.0148,0,-0.0002,0
56.0627,22.1152742198,0.8745,0.8749,0.8745,0,-0.0001,0,0.0287,0.0146,0.0146,0,-0.0002,0
56.1021,22.0997428617,0.8739,0.8752,0.8747,0,-0.0001,0,0.0289,0.0146,0.0143,0,-0.0001,0
56.1415,22.0842333033,0.8733,0.8755,0.875,0,-0.0001,0,0.029,0.0147,0.0141,0,-0.0001,0
56.181,22.0687062174,0.8727,0.8756,0.8753,0,-0.0002,0,0.0289,0.0149,0.0139,0,-0.0001,0
56.2204,22.0532401762,0.8721,0.8756,0.8756,0,-0.0002,0,0.0286,0.0149,0.0138,0,-0.0002,0
56.2598,22.0377957974,0.8715,0.8756,0.876,0,-0.0001,0,0.028,0.0148,0.0138,0,-0.0002,0
56.2992,22.0223730355,0.8713,0.8758,0.8763,0,0,0,0.0271,0.0146,0.0138,0,-0.0002,0
56.3387,22.0069327833,0.8716,0.876,0.8766,0,0.0001,0,0.0263,0.0144,0.0139,0,-0.0002,0
56.3781,21.991553174,0.8721,0.8763,0.8768,0,0.0001,0,0.0259,0.0144,0.014,0,-0.0001,0
56.4175,21.9761950459,0.8724,0.8765,0.877,0,0.0001,0,0.0258,0.0144,0.0141,0,-0.0001,0
56.4569,21.9608583539,0.8723,0.8768,0.8772,0,0.0001,0,0.0258,0.0144,0.0142,0,0,0
56.4964,21.9455042091,0.8721,0.8769,0.8774,0,0,0,0.0253,0.0144,0.0143,0,0,0
56.5358,21.9302103092,0.8723,0.8771,0.8774,0,0,0,0.0243,0.0143,0.0145,0,0,0
56.5752,21.9149377112,0.8733,0.8774,0.8774,0,0,0,0.0237,0.0143,0.0145,0,0,0
56.6146,21.8996863707,0.8743,0.8776,0.8774,0,-0.0001,0,0.0239,0.0143,0.0144,0,0,0
56.6541,21.884417615,0.8747,0.8779,0.8775,0,-0.0001,0,0.0244,0.0143,0.0142,0,0,0
56.6935,21.86920871,0.8746,0.8782,0.8777,0,-0.0002,0,0.0248,0.0145,0.0141,0,-0.0001,0
56.7329,21.8540209297,0.8744,0.8784,0.8779,0,-0.0001,0,0.0248,0.0148,0.0141,0,-0.0002,0
56.7723,21.83885423,0.8742,0.8782,0.878,0,0,0,0.0245,0.0151,0.0142,0,-0.0002,0
56.8118,21.823670153,0.8744,0.8779,0.878,0,0.0001,0,0.0239,0.015,0.0142,0,-0.0001,0
56.8512,21.8085455364,0.875,0.8779,0.878,0,0.0001,0,0.0234,0.0146,0.014,0,0,0
56.8906,21.7934418691,0.8759,0.8781,0.8782,0,0,0,0.0233,0.0144,0.0137,0,0.0001,0
56.93,21.7783591077,0.8767,0.8784,0.8786,0,-0.0001,0,0.0238,0.0143,0.0136,0,0,0
56.9695,21.763259007,0.8772,0.8786,0.879,0,-0.0001,0,0.0245,0.0144,0.0137,0,-0.0001,0
57.0089,21.74821798,0.8772,0.8787,0.8792,0,0,0,0.0254,0.0144,0.0139,0,0,0
57.0483,21.7331977289,0.8768,0.8787,0.8791,0,0,0,0.0262,0.0144,0.0141,0,0,0
57.0877,21.7181982108,0.876,0.8787,0.8789,0,-0.0001,0,0.0266,0.0143,0.014,0,0.0001,0
57.1272,21.7031813917,0.8751,0.8787,0.8788,0,-0.0002,0,0.0264,0.0141,0.0137,0,0.0001,0
57.1666,21.6882232632,0.8746,0.879,0.879,0,-0.0003,0,0.0258,0.0138,0.0132,0,-0.0001,0
57.206,21.6732857393,0.8744,0.8794,0.8795,0,-0.0002,0,0.0252,0.0139,0.013,0,-0.0002,0
57.2454,21.6583687772,0.8745,0.8796,0.8799,0,-0.0001,0,0.0248,0.0142,0.0131,0,-0.0003,0
57.2849,21.6434345526,0.8745,0.8794,0.8802,0,0.0001,0,0.0245,0.0143,0.0133,0,-0.0003,0
57.3243,21.6285586392,0.8745,0.8791,0.8801,0,0.0002,0,0.0241,0.014,0.0135,0,-0.0001,0
57.3637,21.6137031607,0.8746,0.8791,0.88,0,0.0001,0,0.0237,0.0135,0.0134,0,0.0001,0
57.4031,21.5988680751,0.8748,0.8795,0.88,0,0,0,0.0232,0.0131,0.0131,0,0.0001,0
57.4426,21.5840157653,0.8753,0.88,0.8802,0,0,0,0.0229,0.0129,0.0127,0,0,0
57.482,21.569221391,0.8756,0.8804,0.8806,0,0,0,0.023,0.013,0.0126,0,0,0
57.5214,21.554447284,0.8756,0.8806,0.8809,0,0,0,0.0232,0.0132,0.0126,0,0,0
57.5608,21.5396934025,0.8752,0.8806,0.8812,0,0,0,0.023,0.0132,0.0125,0,0,0
57.6003,21.5249223355,0.8751,0.8806,0.8815,0,0,0,0.0222,0.0131,0.0125,0,0.0001,0
57.6397,21.5102088318,0.8757,0.8808,0.8817,0,0,0,0.0215,0.0129,0.0126,0,0.0001,0
57.6791,21.4955154293,0.8765,0.881,0.8818,0,-0.0001,0,0.0214,0.0127,0.0126,0,0.0001,0
57.7185,21.480842087,0.8768,0.8813,0.8819,0,-0.0002,0,0.0216,0.0125,0.0125,0,0.0001,0
57.758,21.466151598,0.8769,0.8816,0.8821,0,-0.0002,0,0.0216,0.0123,0.0124,0,0,0
57.7974,21.4515183036,0.8771,0.8822,0.8826,0,-0.0002,0,0.0215,0.0124,0.0123,0,-0.0001,0
57.8368,21.4369049463,0.8774,0.8825,0.883,0,-0.0001,0,0.0214,0.0127,0.0125,0,-0.0001,0
57.8762,21.4223114856,0.8778,0.8826,0.8831,0,-0.0001,0,0.0213,0.013,0.0128,0,0,0
57.9157,21.407700917,0.8781,0.8825,0.8831,0,-0.0001,0,0.0215,0.013,0.0131,0,0,0
57.9551,21.3931471777,0.8783,0.8826,0.8829,0,-0.0002,0,0.0217,0.0129,0.0131,0,0,0
57.9945,21.3786132133,0.8782,0.8828,0.8829,0,-0.0003,0,0.0219,0.0128,0.0129,0,-0.0001,0
58.0339,21.3640989835,0.878,0.8831,0.8831,0,-0.0003,0,0.0219,0.013,0.0128,0,-0.0002,0
58.0734,21.349567685,0.878,0.8832,0.8832,0,-0.0002,0,0.0218,0.0132,0.0127,0,-0.0003,0
58.1128,21.3350928539,0.8779,0.8831,0.8834,0,-0.0001,0,0.0217,0.0134,0.0128,0,-0.0003,0
58.1522,21.3206376371,0.8778,0.8829,0.8834,0,-0.0001,0,0.0213,0.0134,0.0128,0,-0.0003,0
58.1916,21.3062019948,0.8779,0.8827,0.8833,0,0,0,0.0208,0.0133,0.0128,0,-0.0003,0
58.2311,21.291749323,0.8785,0.8826,0.8833,0,0,0,0.0204,0.0129,0.0125,0,-0.0003,0
58.2705,21.27735276,0.8791,0.8827,0.8834,0,0.0001,0,0.0205,0.0125,0.0122,0,-0.0003,0
58.3099,21.2629756525,0.8794,0.883,0.8837,0,0.0002,0,0.0208,0.0122,0.012,0,-0.0003,0
58.3493,21.2486179611,0.8794,0.8833,0.8839,0,0.0002,0,0.0209,0.0121,0.0119,0,-0.0002,0
58.3888,21.2342432795,0.8796,0.8836,0.8843,0,0.0003,0,0.0209,0.012,0.0118,0,-0.0001,0
58.4282,21.2199243516,0.8798,0.8837,0.8845,0,0.0003,0,0.0212,0.012,0.0119,0,0,0
58.4676,21.2056247221,0.8797,0.8838,0.8846,0,0.0002,0,0.0214,0.0119,0.0119,0,0.0001,0
58.507,21.191344352,0.8794,0.8839,0.8847,0,0.0001,0,0.0214,0.0116,0.0118,0,0.0001,0
58.5465,21.177047031,0.8792,0.8842,0.8848,0,0,0,0.0212,0.0114,0.0116,0,0.0001,0
58.5859,21.1628051118,0.8793,0.8846,0.8851,0,-0.0001,0,0.0209,0.0113,0.0114,0,0,0
58.6253,21.1485823356,0.8794,0.885,0.8856,0,0,0,0.0208,0.0113,0.0113,0,-0.0001,0
58.6648,21.1343426382,0.8795,0.8852,0.886,0,0,0,0.0208,0.0114,0.0116,0,0,0
58.7042,21.1201580807,0.8795,0.8853,0.8861,0,0,0,0.0209,0.0115,0.0118,0,0,0
58.7436,21.1059925507,0.8792,0.8855,0.8861,0,0,0,0.0209,0.0114,0.012,0,0,0
58.783,21.0918460099,0.8789,0.8858,0.8861,0,-0.0001,0,0.0206,0.0112,0.012,0,0,0
58.8225,21.0776825874,0.8788,0.8863,0.8862,0,-0.0001,0,0.0202,0.0111,0.0119,0,-0.0001,0
58.8619,21.0635739587,0.8788,0.8868,0.8864,0,-0.0001,0,0.0198,0.0115,0.0119,0,-0.0002,0
58.9013,21.0494842049,0.8788,0.887,0.8865,0,-0.0001,0,0.0193,0.012,0.012,0,-0.0002,0
58.9407,21.0354132883,0.8789,0.8868,0.8865,0,-0.0001,0,0.0188,0.0124,0.012,0,-0.0003,0
58.9802,21.0213255296,0.8791,0.8865,0.8865,0,0,0,0.0181,0.0125,0.0119,0,-0.0003,0
59.0196,21.0072922216,0.8797,0.8862,0.8865,0,0.0001,0,0.0174,0.0124,0.0118,0,-0.0003,0
59.059,20.9932776376,0.8806,0.8861,0.8866,0,0.0002,0,0.0171,0.0121,0.0117,0,-0.0002,0
59.0984,20.9792817403,0.8815,0.8862,0.8867,0,0.0002,0,0.0171,0.0118,0.0116,0,-0.0002,0
59.1379,20.9652690407,0.8822,0.8864,0.8869,0,0.0002,0,0.0176,0.0116,0.0115,0,-0.0001,0
59.1773,20.9513104518,0.8826,0.8866,0.887,0,0.0002,0,0.0182,0.0114,0.0115,0,0,0
59.2167,20.9373704377,0.8825,0.8868,0.887,0,0.0002,0,0.0187,0.0114,0.0114,0,0,0
59.2561,20.9234489614,0.8822,0.887,0.8871,0,0.0001,0,0.0189,0.0113,0.0112,0,0,0
59.2956,20.9095107225,0.882,0.8872,0.8873,0,0.0001,0,0.0187,0.0113,0.011,0,0.0001,0
59.335,20.8956262577,0.8822,0.8874,0.8876,0,0,0,0.0184,0.0113,0.0109,0,0,0
59.3744,20.8817602199,0.8827,0.8875,0.8878,0,0,0,0.0186,0.0114,0.0109,0,0,0
59.4138,20.8679125725,0.8827,0.8874,0.888,0,0,0,0.019,0.0114,0.0109,0,-0.0001,0
59.4533,20.8540482025,0.8824,0.8873,0.8882,0,0.0001,0,0.0192,0.0111,0.0109,0,0,0
59.4927,20.8402372728,0.8821,0.8876,0.8884,0,0.0001,0,0.0191,0.0108,0.0108,0,0,0
59.5321,20.826444624,0.882,0.8879,0.8887,0,0,0,0.019,0.0107,0.0109,0,0,0
59.5715,20.8126702198,0.8818,0.8882,0.8888,0,0,0,0.0187,0.0107,0.011,0,0,0
59.611,20.798879133,0.8818,0.8884,0.889,0,-0.0001,0,0.0184,0.0107,0.011,0,0,0
59.6504,20.7851411558,0.8818,0.8887,0.8891,0,-0.0001,0,0.0181,0.0107,0.011,0,-0.0001,0
59.6898,20.7714213149,0.882,0.889,0.8893,0,-0.0001,0,0.0179,0.0108,0.0111,0,-0.0002,0
59.7292,20.7577195743,0.882,0.8892,0.8894,0,-0.0001,0,0.0178,0.0111,0.0114,0,-0.0003,0
59.7687,20.7440011913,0.8821,0.889,0.8893,0,0.0001,0,0.0175,0.0114,0.0116,0,-0.0003,0
59.8081,20.73033559,0.8823,0.8888,0.889,0,0.0002,0,0.0174,0.0114,0.0116,0,-0.0002,0
59.8475,20.716687982,0.8823,0.8887,0.8888,0,0.0002,0,0.0173,0.0111,0.0114,0,-0.0002,0
59.8869,20.7030583316,0.8822,0.8887,0.8888,0,0.0001,0,0.017,0.0109,0.0111,0,-0.0002,0
59.9264,20.6894120788,0.8824,0.8889,0.8889,0,0.0002,0,0.0165,0.0107,0.0107,0,-0.0002,0
59.9658,20.6758182831,0.8828,0.889,0.8891,0,0.0002,0,0.0162,0.0107,0.0105,0,-0.0002,0
60.0052,20.662242339,0.8833,0.8891,0.8893,0,0.0003,0,0.0161,0.0106,0.0103,0,-0.0001,0
60.0446,20.6486842114,0.8836,0.8892,0.8896,0,0.0003,0,0.0161,0.0104,0.0102,0,0,0
60.0841,20.6351095215,0.8839,0.8894,0.8898,0,0.0003,0,0.0162,0.0102,0.0101,0,0.0001,0
60.1235,20.6215869668,0.8841,0.8896,0.8901,0,0.0003,0,0.0163,0.01,0.0101,0,0.0001,0
60.1629,20.6080821237,0.8841,0.8898,0.8903,0,0.0002,0,0.0164,0.0099,0.0101,0,0.0001,0
60.2023,20.5945949573,0.8841,0.8901,0.8904,0,0.0002,0,0.0164,0.0098,0.0101,0,0.0001,0
60.2418,20.5810912689,0.8841,0.8904,0.8906,0,0.0002,0,0.0162,0.0098,0.0101,0,0.0002,0
60.2812,20.5676393967,0.8843,0.8908,0.8909,0,0.0001,0,0.0161,0.0099,0.0101,0,0.0002,0
60.3206,20.5542050974,0.8845,0.891,0.8911,0,0.0001,0,0.0161,0.0102,0.0103,0,0.0002,0
60.36,20.5407883366,0.8846,0.891,0.8912,0,0,0,0.0163,0.0105,0.0105,0,0.0002,0
60.3995,20.527355094,0.8845,0.8909,0.8911,0,-0.0001,0,0.0164,0.0106,0.0106,0,0.0002,0
60.4389,20.5139733516,0.8842,0.8909,0.891,0,-0.0001,0,0.0164,0.0106,0.0107,0,0.0002,0
60.4783,20.5006090449,0.8839,0.8908,0.8908,0,-0.0002,0,0.016,0.0106,0.0106,0,0.0001,0
60.5177,20.4872621398,0.884,0.8907,0.8907,0,-0.0002,0,0.0153,0.0105,0.0104,0,0.0001,0
60.5572,20.4738987932,0.8845,0.8907,0.8907,0,-0.0002,0,0.0149,0.0103,0.0101,0,-0.0001,0
60.5966,20.4605866336,0.8851,0.8908,0.891,0,-0.0002,0,0.0149,0.0101,0.0099,0,-0.0002,0
60.636,20.4472917739,0.8852,0.8908,0.8912,0,0,0,0.0153,0.0101,0.0099,0,-0.0002,0
60.6754,20.4340141804,0.885,0.8908,0.8913,0,0.0001,0,0.0154,0.01,0.01,0,-0.0001,0
60.7149,20.4207201857,0.8847,0.8907,0.8912,0,0.0001,0,0.0152,0.0098,0.0101,0,0,0
60.7543,20.4074770675,0.8846,0.8909,0.891,0,0,0,0.0148,0.0094,0.0098,0,0.0001,0
60.7937,20.3942511148,0.8848,0.8912,0.8911,0,-0.0001,0,0.0142,0.0092,0.0094,0,0,0
60.8331,20.3810422944,0.8854,0.8916,0.8914,0,-0.0001,0,0.0138,0.0091,0.0092,0,-0.0001,0
60.8726,20.3678171131,0.8861,0.8919,0.8917,0,-0.0001,0,0.0137,0.0093,0.0092,0,-0.0002,0
60.912,20.3546425007,0.8866,0.8919,0.8919,0,0,0,0.014,0.0095,0.0093,0,-0.0002,0
60.9514,20.3414849208,0.8868,0.8918,0.8919,0,0.0001,0,0.0145,0.0096,0.0094,0,-0.0002,0
60.9908,20.3283443405,0.8868,0.8916,0.8918,0,0.0001,0,0.0148,0.0094,0.0093,0,-0.0001,0
61.0303,20.3151874397,0.8865,0.8917,0.8918,0,0.0001,0,0.0152,0.0091,0.0091,0,-0.0001,0
61.0697,20.3020808028,0.886,0.8919,0.8919,0,0,0,0.0152,0.009,0.0089,0,-0.0001,0
61.1091,20.2889910668,0.8857,0.892,0.892,0,0.0001,0,0.0149,0.009,0.0087,0,-0.0001,0
61.1485,20.2759181991,0.8856,0.892,0.8922,0,0.0001,0,0.0144,0.0089,0.0086,0,-0.0001,0
61.188,20.2628290514,0.8856,0.892,0.8923,0,0.0002,0,0.0141,0.0088,0.0084,0,-0.0001,0
61.2274,20.2497898653,0.8856,0.8921,0.8925,0,0.0002,0,0.0138,0.0085,0.0083,0,0,0
61.2668,20.2367674499,0.8858,0.8923,0.8927,0,0.0002,0,0.0133,0.0083,0.0082,0,0,0
61.3062,20.2237617729,0.8861,0.8925,0.893,0,0.0002,0,0.0129,0.0082,0.0082,0,0.0001,0
61.3457,20.2107398563,0.8866,0.8927,0.8931,0,0.0001,0,0.0128,0.008,0.0083,0,0.0002,0
61.3851,20.1977676016,0.8871,0.893,0.8931,0,0,0,0.013,0.008,0.0083,0,0.0002,0
61.4245,20.1848119887,0.8873,0.8932,0.8931,0,-0.0001,0,0.0133,0.008,0.0083,0,0.0001,0
61.4639,20.1718729856,0.8871,0.8934,0.8932,0,-0.0001,0,0.0137,0.0081,0.0082,0,0,0
61.5034,20.1589177834,0.8867,0.8936,0.8932,0,-0.0001,0,0.0137,0.0082,0.0081,0,0,0
61.5428,20.1460119462,0.8863,0.8936,0.8932,0,-0.0001,0,0.0134,0.0085,0.0081,0,-0.0001,0
61.5822,20.1331226231,0.8862,0.8933,0.8932,0,0,0,0.0129,0.0088,0.008,0,-0.0001,0
61.6216,20.1202497825,0.8864,0.8929,0.8932,0,0.0001,0,0.0124,0.0086,0.0079,0,-0.0001,0
61.6611,20.1073607834,0.8867,0.8926,0.8931,0,0.0001,0,0.0121,0.0082,0.0078,0,0,0
61.7005,20.0945208548,0.887,0.8926,0.893,0,0,0,0.0122,0.0077,0.0076,0,0,0
61.7399,20.0816973141,0.8869,0.8928,0.893,0,0,0,0.0122,0.0073,0.0072,0,0,0
61.7793,20.0688901299,0.8867,0.893,0.8932,0,0,0,0.012,0.007,0.0068,0,0,0
61.8188,20.0560668276,0.8867,0.8933,0.8935,0,0,0,0.0114,0.0068,0.0065,0,0,0
61.8582,20.043292304,0.8871,0.8936,0.8939,0,0,0,0.0109,0.0067,0.0064,0,0,0
61.8976,20.0305340433,0.8877,0.8937,0.8941,0,0,0,0.0108,0.0067,0.0065,0,-0.0001,0
61.937,20.0177920145,0.8881,0.8937,0.8941,0,0,0,0.011,0.0066,0.0065,0,-0.0001,0
61.9765,20.005033908,0.8882,0.8938,0.8941,0,0.0001,0,0.0112,0.0064,0.0063,0,-0.0001,0
62.0159,19.992324291,0.8882,0.894,0.8942,0,0.0001,0,0.0113,0.0062,0.0061,0,0,0
62.0553,19.9796308132,0.8882,0.8942,0.8944,0,0,0,0.0115,0.006,0.0059,0,0,0
62.0947,19.9669534437,0.8878,0.8944,0.8946,0,0,0,0.0117,0.0061,0.0057,0,-0.0001,0
62.1342,19.9542600371,0.8873,0.8943,0.8948,0,0.0001,0,0.0116,0.006,0.0058,0,-0.0001,0
62.1736,19.9416148333,0.8868,0.8943,0.8948,0,0.0001,0,0.0111,0.0058,0.0057,0,0,0
62.213,19.9289856461,0.8866,0.8944,0.8948,0,0.0001,0,0.0103,0.0054,0.0055,0,0,0
62.2524,19.9163724451,0.8868,0.8947,0.8949,0,0.0001,0,0.0096,0.0052,0.0053,0,0,0
62.2919,19.9037432475,0.8872,0.895,0.895,0,0,0,0.0092,0.005,0.0051,0,0.0001,0
62.3313,19.8911619684,0.8874,0.8952,0.8951,0,0,0,0.009,0.005,0.0048,0,0,0
62.3707,19.8785965846,0.8874,0.8953,0.8953,0,0,0,0.0087,0.0049,0.0046,0,0,0
62.4101,19.8660470661,0.8875,0.8954,0.8956,0,0,0,0.0081,0.0047,0.0044,0,-0.0001,0
62.4496,19.8534815916,0.888,0.8956,0.8958,0,0,0,0.0076,0.0046,0.0042,0,-0.0001,0
62.489,19.8409637536,0.8885,0.8957,0.8961,0,0.0001,0,0.0074,0.0045,0.0041,0,-0.0001,0
62.5284,19.828461691,0.8889,0.8957,0.8963,0,0.0001,0,0.0074,0.0044,0.0042,0,-0.0001,0
62.5678,19.8159753739,0.889,0.8958,0.8963,0,0.0001,0,0.0074,0.0041,0.0041,0,0,0
62.6073,19.8034731413,0.8891,0.896,0.8963,0,0,0,0.0072,0.0038,0.0039,0,0,0
62.6467,19.7910182659,0.8893,0.8963,0.8964,0,0,0,0.007,0.0036,0.0036,0,0,0
62.6861,19.778579047,0.8894,0.8966,0.8967,0,0,0,0.0068,0.0036,0.0033,0,0,0
62.7255,19.7661554551,0.8896,0.8968,0.897,0,0,0,0.0066,0.0035,0.0032,0,0,0
62.765,19.7537159882,0.8899,0.8969,0.8972,0,0,0,0.0064,0.0034,0.0031,0,0,0
62.8044,19.7413236015,0.8902,0.8971,0.8973,0,0,0,0.0063,0.0033,0.003,0,-0.0001,0
62.8438,19.7289467537,0.8903,0.8972,0.8975,0,0,0,0.0063,0.0031,0.0028,0,-0.0001,0
62.8833,19.7165540613,0.8902,0.8973,0.8977,0,0,0,0.0062,0.0029,0.0026,0,-0.0001,0
62.9227,19.7042082428,0.89,0.8975,0.8979,0,0,0,0.0059,0.0027,0.0024,0,-0.0001,0
62.9621,19.6918778757,0.89,0.8978,0.8981,0,0,0,0.0053,0.0025,0.0022,0,-0.0002,0
63.0015,19.679562931,0.8903,0.898,0.8984,0,0.0001,0,0.0047,0.0024,0.0021,0,-0.0002,0
63.041,19.6672321822,0.8907,0.8981,0.8987,0,0.0001,0,0.0042,0.0022,0.0019,0,-0.0002,0
63.0804,19.6549480346,0.8912,0.8984,0.8989,0,0.0001,0,0.0038,0.0019,0.0018,0,-0.0001,0
63.1198,19.6426792227,0.8919,0.8987,0.8992,0,0.0001,0,0.0036,0.0017,0.0016,0,-0.0001,0
63.1592,19.6304257179,0.8925,0.8991,0.8995,0,0.0001,0,0.0035,0.0016,0.0015,0,0,0
63.1987,19.6181564494,0.893,0.8994,0.8998,0,0.0001,0,0.0037,0.0015,0.0014,0,0,0
63.2381,19.6059335116,0.8933,0.8997,0.9001,0,0.0001,0,0.004,0.0014,0.0014,0,0,0
63.2775,19.5937257951,0.8933,0.9,0.9003,0,0,0,0.0042,0.0015,0.0013,0,0,0
63.3169,19.5815332715,0.8932,0.9002,0.9006,0,0,0,0.0042,0.0015,0.0013,0,0,0
63.3564,19.5693250248,0.8932,0.9004,0.9008,0,0,0,0.004,0.0015,0.0012,0,-0.0001,0
63.3958,19.5571628404,0.8933,0.9006,0.901,0,0.0001,0,0.0038,0.0014,0.0012,0,-0.0001,0
63.4352,19.5450157641,0.8932,0.9007,0.9012,0,0.0001,0,0.0036,0.0013,0.0012,0,-0.0001,0
63.4746,19.5328837677,0.8933,0.9009,0.9014,0,0.0001,0,0.0032,0.0011,0.0011,0,-0.0001,0
63.5141,19.5207360885,0.8935,0.9012,0.9016,0,0.0001,0,0.0027,0.001,0.001,0,-0.0001,0
63.5535,19.5086342058,0.8938,0.9015,0.9019,0,0.0001,0,0.0023,0.0008,0.0008,0,-0.0001,0
63.5929,19.496547319,0.8942,0.9018,0.9022,0,0.0001,0,0.0019,0.0008,0.0008,0,0,0
63.6323,19.4844754001,0.8947,0.9021,0.9024,0,0.0001,0,0.0017,0.0008,0.0008,0,0,0
63.6718,19.4723878389,0.8951,0.9023,0.9027,0,0.0001,0,0.0016,0.0008,0.0008,0,0,0
63.7112,19.4603458105,0.8955,0.9026,0.9029,0,0.0001,0,0.0015,0.0008,0.0007,0,0,0
63.7506,19.4483186668,0.8959,0.9028,0.9031,0,0.0001,0,0.0014,0.0007,0.0007,0,0,0
63.79,19.4363063803,0.8962,0.903,0.9033,0,0.0001,0,0.0013,0.0007,0.0007,0,0,0
63.8295,19.4242784919,0.8965,0.9032,0.9035,0,0.0001,0,0.0013,0.0007,0.0006,0,0,0
63.8689,19.4122958748,0.8968,0.9034,0.9037,0,0.0001,0,0.0012,0.0007,0.0006,0,0,0
63.9083,19.4003280325,0.8971,0.9036,0.9039,0,0.0001,0,0.0011,0.0007,0.0005,0,0,0
63.9477,19.3883749376,0.8974,0.9038,0.9042,0,0.0001,0,0.001,0.0007,0.0005,0,0,0
63.9872,19.3764062813,0.8978,0.904,0.9044,0,0.0001,0,0.0009,0.0006,0.0005,0,0,0
64.0266,19.3644826369,0.8981,0.9042,0.9046,0,0.0001,0,0.0009,0.0006,0.0005,0,0,0
64.066,19.3525736584,0.8984,0.9044,0.9048,0,0.0001,0,0.0009,0.0005,0.0004,0,0,0
64.1054,19.3406793187,0.8986,0.9046,0.905,0,0.0001,0,0.0008,0.0004,0.0004,0,0,0
64.1449,19.3287694579,0.8989,0.9048,0.9052,0,0.0001,0,0.0008,0.0004,0.0004,0,0,0
64.1843,19.316904352,0.8992,0.905,0.9054,0,0.0001,0,0.0007,0.0003,0.0003,0,0,0
64.2237,19.3050538041,0.8995,0.9053,0.9057,0,0.0001,0,0.0007,0.0003,0.0003,0,0,0
64.2631,19.2932177875,0.8997,0.9055,0.9059,0,0.0001,0,0.0006,0.0003,0.0003,0,0,0
64.3026,19.28136629,0.9,0.9057,0.9061,0,0.0001,0,0.0006,0.0003,0.0003,0,0,0
64.342,19.2695592925,0.9003,0.9059,0.9063,0,0.0001,0,0.0006,0.0003,0.0003,0,0,0
64.3814,19.2577667463,0.9005,0.9061,0.9065,0,0.0001,0,0.0006,0.0003,0.0003,0,0,0
64.4208,19.2459886248,0.9007,0.9063,0.9067,0,0.0001,0,0.0006,0.0003,0.0003,0,0,0
64.4603,19.2341950627,0.901,0.9065,0.9069,0,0.0001,0,0.0005,0.0003,0.0003,0,0,0
64.4997,19.2224457478,0.9012,0.9067,0.9071,0,0.0001,0,0.0005,0.0003,0.0003,0,0,0
64.5391,19.2107107784,0.9015,0.9069,0.9072,0,0.0001,0,0.0005,0.0003,0.0003,0,0,0
64.5785,19.1989901283,0.9017,0.9071,0.9074,0,0.0001,0,0.0004,0.0002,0.0002,0,0,0
64.618,19.1872540778,0.9019,0.9073,0.9076,0,0.0001,0,0.0004,0.0002,0.0002,0,0,0
64.6574,19.1755620238,0.9022,0.9075,0.9078,0,0.0001,0,0.0003,0.0002,0.0002,0,0,0
64.6968,19.1638842107,0.9024,0.9077,0.908,0,0.0001,0,0.0003,0.0002,0.0002,0,0,0
64.7362,19.1522206123,0.9027,0.9078,0.9082,0,0.0001,0,0.0003,0.0002,0.0002,0,0,0
64.7757,19.1405416537,0.9029,0.908,0.9084,0,0.0001,0,0.0003,0.0002,0.0002,0,0,0
64.8151,19.1289064431,0.9032,0.9082,0.9085,0,0.0001,0,0.0003,0.0002,0.0002,0,0,0
64.8545,19.1172853696,0.9034,0.9084,0.9087,0,0.0001,0,0.0003,0.0002,0.0002,0,0,0
64.8939,19.1056784074,0.9036,0.9086,0.9089,0,0.0001,0,0.0003,0.0002,0.0002,0,0,0
64.9334,19.0940561252,0.9038,0.9087,0.909,0,0.0001,0,0.0003,0.0002,0.0002,0,0,0
64.9728,19.0824773444,0.904,0.9089,0.9092,0,0.0001,0,0.0003,0.0002,0.0002,0,0,0
65.0122,19.0709125979,0.9043,0.9091,0.9094,0,0.0001,0,0.0003,0.0002,0.0002,0,0,0
65.0516,19.0593618604,0.9045,0.9093,0.9096,0,0.0001,0,0.0003,0.0002,0.0002,0,0,0
65.0911,19.0477958431,0.9047,0.9094,0.9097,0,0.0001,0,0.0003,0.0002,0.0002,0,0,0
65.1305,19.0362730825,0.9049,0.9096,0.9099,0,0.0001,0,0.0003,0.0002,0.0002,0,0,0
65.1699,19.0247642547,0.9051,0.9097,0.91,0,0.0001,0,0.0003,0.0002,0.0002,0,0,0
65.2093,19.0132693343,0.9053,0.9099,0.9102,0,0.0001,0,0.0003,0.0002,0.0002,0,0,0
65.2488,19.0017591741,0.9055,0.9101,0.9104,0,0.0001,0,0.0003,0.0002,0.0002,0,0,0
65.2882,18.9902920283,0.9057,0.9102,0.9105,0,0.0001,0,0.0003,0.0002,0.0002,0,0,0
65.3276,18.9788387144,0.9059,0.9104,0.9107,0,0.0001,0,0.0003,0.0002,0.0002,0,0,0
65.367,18.9673992076,0.9061,0.9106,0.9109,0,0.0001,0,0.0003,0.0002,0.0002,0,0,0
65.4065,18.9559445009,0.9063,0.9107,0.911,0,0.0001,0,0.0003,0.0002,0.0002,0,0,0
65.4459,18.9445325681,0.9065,0.9109,0.9112,0,0.0001,0,0.0003,0.0002,0.0002,0,0,0
65.4853,18.9331343676,0.9066,0.911,0.9113,0,0.0001,0,0.0003,0.0002,0.0002,0,0,0
65.5247,18.9217498745,0.9068,0.9112,0.9115,0,0.0001,0,0.0003,0.0002,0.0002,0,0,0
65.5642,18.9103502216,0.907,0.9113,0.9116,0,0.0001,0,0.0002,0.0002,0.0002,0,0,0
65.6036,18.898993104,0.9072,0.9115,0.9118,0,0.0001,0,0.0002,0.0002,0.0002,0,0,0
65.643,18.8876496199,0.9074,0.9117,0.9119,0,0.0001,0,0.0002,0.0002,0.0002,0,0,0
65.6824,18.8763197447,0.9076,0.9118,0.9121,0,0.0001,0,0.0002,0.0002,0.0002,0,0,0
65.7219,18.8649747497,0.9077,0.912,0.9123,0,0.0001,0,0.0002,0.0002,0.0002,0,0,0
65.7613,18.8536720533,0.9079,0.9121,0.9124,0,0.0001,0,0.0002,0.0002,0.0002,0,0,0
65.8007,18.8423828926,0.9081,0.9123,0.9126,0,0.0001,0,0.0002,0.0002,0.0002,0,0,0
65.8401,18.8311072432,0.9083,0.9124,0.9127,0,0.0001,0,0.0002,0.0002,0.0002,0,0,0
65.8796,18.8198165138,0.9084,0.9126,0.9128,0,0.0001,0,0.0002,0.0002,0.0002,0,0,0
65.919,18.8085678484,0.9086,0.9127,0.913,0,0.0001,0,0.0002,0.0002,0.0002,0,0,0
65.9584,18.7973326218,0.9088,0.9129,0.9131,0,0.0001,0,0.0002,0.0002,0.0002,0,0,0
65.9978,18.7861108098,0.909,0.913,0.9133,0,0.0001,0,0.0002,0.0002,0.0002,0,0,0
66.0373,18.7748739576,0.9091,0.9132,0.9134,0,0.0001,0,0.0002,0.0002,0.0002,0,0,0
66.0767,18.7636789368,0.9093,0.9133,0.9136,0,0.0001,0,0.0002,0.0002,0.0002,0,0,0
66.1161,18.7524972586,0.9095,0.9134,0.9137,0,0.0001,0,0.0002,0.0002,0.0002,0,0,0
66.1555,18.7413288993,0.9096,0.9136,0.9139,0,0.0001,0,0.0002,0.0002,0.0002,0,0,0
66.195,18.7301455397,0.9098,0.9137,0.914,0,0.0001,0,0.0002,0.0002,0.0002,0,0,0
66.2344,18.7190037805,0.91,0.9139,0.9142,0,0.0001,0,0.0002,0.0002,0.0002,0,0,0
66.2738,18.707875269,0.9101,0.914,0.9143,0,0.0001,0,0.0002,0.0002,0.0002,0,0,0
66.3132,18.6967599814,0.9103,0.9142,0.9144,0,0.0001,0,0.0002,0.0002,0.0002,0,0,0
66.3527,18.6856297332,0.9105,0.9143,0.9146,0,0.0001,0,0.0002,0.0002,0.0002,0,0,0
66.3921,18.6745408565,0.9106,0.9144,0.9147,0,0.0001,0,0.0002,0.0002,0.0002,0,0,0
66.4315,18.6634651333,0.9108,0.9146,0.9149,0,0.0001,0,0.0002,0.0002,0.0002,0,0,0
66.4709,18.6524025401,0.911,0.9147,0.915,0,0,0,0.0002,0.0002,0.0002,0,0,0
66.5104,18.6413250259,0.9111,0.9149,0.9151,0,0,0,0.0002,0.0002,0.0002,0,0,0
66.5498,18.630288656,0.9113,0.915,0.9153,0,0,0,0.0002,0.0002,0.0002,0,0,0
66.5892,18.6192653463,0.9114,0.9151,0.9154,0,0,0,0.0002,0.0002,0.0002,0,0,0
66.6286,18.6082550736,0.9116,0.9153,0.9155,0,0,0,0.0002,0.0002,0.0002,0,0,0
66.6681,18.5972299196,0.9117,0.9154,0.9157,0,0,0,0.0002,0.0002,0.0002,0,0,0
66.7075,18.5862456845,0.9119,0.9155,0.9158,0,0,0,0.0002,0.0002,0.0002,0,0,0
66.7469,18.5752744172,0.912,0.9157,0.9159,0,0,0,0.0002,0.0002,0.0002,0,0,0
66.7863,18.5643160948,0.9122,0.9158,0.9161,0,0,0,0.0002,0.0002,0.0002,0,0,0
66.8258,18.5533429304,0.9124,0.9159,0.9162,0,0,0,0.0002,0.0002,0.0002,0,0,0
66.8652,18.5424104616,0.9125,0.9161,0.9163,0,0,0,0.0002,0.0002,0.0002,0,0,0
66.9046,18.5314908691,0.9127,0.9162,0.9165,0,0,0,0.0002,0.0002,0.0002,0,0,0
66.944,18.52058413,0.9128,0.9163,0.9166,0,0,0,0.0002,0.0002,0.0002,0,0,0
66.9835,18.5096625885,0.913,0.9165,0.9167,0,0,0,0.0002,0.0002,0.0002,0,0,0
67.0229,18.4987815209,0.9131,0.9166,0.9169,0,0,0,0.0002,0.0002,0.0002,0,0,0
67.0623,18.4879132389,0.9133,0.9167,0.917,0,0,0,0.0002,0.0002,0.0002,0,0,0
67.1018,18.477030184,0.9134,0.9169,0.9171,0,0,0,0.0002,0.0002,0.0002,0,0,0
67.1412,18.4661874378,0.9135,0.917,0.9173,0,0,0,0.0002,0.0002,0.0002,0,0,0
67.1806,18.4553574097,0.9137,0.9171,0.9174,0,0,0,0.0002,0.0002,0.0002,0,0,0
67.22,18.4445400774,0.9138,0.9173,0.9175,0,0,0,0.0002,0.0002,0.0002,0,0,0
67.2595,18.4337080115,0.914,0.9174,0.9176,0,0,0,0.0002,0.0002,0.0002,0,0,0
67.2989,18.4229160358,0.9141,0.9175,0.9178,0,0,0,0.0002,0.0002,0.0002,0,0,0
67.3383,18.4121366889,0.9143,0.9176,0.9179,0,0,0,0.0002,0.0002,0.0002,0,0,0
67.3777,18.4013699488,0.9144,0.9178,0.918,0,0,0,0.0002,0.0002,0.0002,0,0,0
67.4172,18.3905885145,0.9146,0.9179,0.9182,0,0,0,0.0002,0.0002,0.0002,0,0,0
67.4566,18.3798469534,0.9147,0.918,0.9183,0,0,0,0.0002,0.0002,0.0002,0,0,0
67.496,18.3691179329,0.9148,0.9182,0.9184,0,0,0,0.0002,0.0002,0.0002,0,0,0
67.5354,18.358401431,0.915,0.9183,0.9185,0,0,0,0.0002,0.0002,0.0002,0,0,0
67.5749,18.347670274,0.9151,0.9184,0.9187,0,0,0,0.0002,0.0002,0.0002,0,0,0
67.6143,18.3369787752,0.9153,0.9185,0.9188,0,0,0,0.0002,0.0002,0.0002,0,0,0
67.6537,18.3262997294,0.9154,0.9186,0.9189,0,0,0,0.0002,0.0002,0.0002,0,0,0
67.6931,18.3156331147,0.9155,0.9188,0.919,0,0,0,0.0002,0.0002,0.0002,0,0,0
67.7326,18.3049518843,0.9157,0.9189,0.9191,0,0,0,0.0002,0.0002,0.0002,0,0,0
67.772,18.2943100986,0.9158,0.919,0.9193,0,0,0,0.0002,0.0002,0.0002,0,0,0
67.8114,18.2836806791,0.9159,0.9191,0.9194,0,0,0,0.0002,0.0002,0.0002,0,0,0
67.8508,18.2730636043,0.9161,0.9193,0.9195,0,0,0,0.0002,0.0002,0.0002,0,0,0
67.8903,18.2624319527,0.9162,0.9194,0.9196,0,0,0,0.0002,0.0002,0.0002,0,0,0
67.9297,18.2518395341,0.9164,0.9195,0.9198,0,0,0,0.0002,0.0002,0.0002,0,0,0
67.9691,18.2412593958,0.9165,0.9196,0.9199,0,0,0,0.0002,0.0002,0.0002,0,0,0
68.0085,18.2306915165,0.9166,0.9197,0.92,0,0,0,0.0002,0.0002,0.0002,0,0,0
68.048,18.2201090995,0.9168,0.9199,0.9201,0,0,0,0.0002,0.0002,0.0002,0,0,0
68.0874,18.2095657053,0.9169,0.92,0.9202,0,0,0,0.0002,0.0002,0.0002,0,0,0
68.1268,18.1990345062,0.917,0.9201,0.9204,0,0,0,0.0002,0.0002,0.0002,0,0,0
68.1662,18.1885154813,0.9172,0.9202,0.9205,0,0,0,0.0002,0.0002,0.0001,0,0,0
68.2057,18.1779819575,0.9173,0.9203,0.9206,0,0,0,0.0002,0.0002,0.0001,0,0,0
68.2451,18.1674872482,0.9174,0.9205,0.9207,0,0,0,0.0002,0.0001,0.0001,0,0,0
68.2845,18.1570046497,0.9175,0.9206,0.9208,0,0,0,0.0002,0.0001,0.0001,0,0,0
68.3239,18.1465341411,0.9177,0.9207,0.9209,0,0,0,0.0002,0.0001,0.0001,0,0,0
68.3634,18.1360491725,0.9178,0.9208,0.9211,0,0,0,0.0002,0.0001,0.0001,0,0,0
68.4028,18.1256028116,0.9179,0.9209,0.9212,0,0,0,0.0002,0.0001,0.0001,0,0,0
68.4422,18.1151684779,0.9181,0.921,0.9213,0,0,0,0.0002,0.0001,0.0001,0,0,0
68.4816,18.1047461508,0.9182,0.9212,0.9214,0,0,0,0.0002,0.0001,0.0001,0,0,0
68.5211,18.0943094025,0.9183,0.9213,0.9215,0,0,0,0.0002,0.0001,0.0001,0,0,0
68.5605,18.0839110567,0.9184,0.9214,0.9216,0,0,0,0.0002,0.0001,0.0001,0,0,0
68.5999,18.0735246553,0.9186,0.9215,0.9218,0,0,0,0.0002,0.0001,0.0001,0,0,0
68.6393,18.0631501778,0.9187,0.9216,0.9219,0,0,0,0.0002,0.0001,0.0001,0,0,0
68.6788,18.0527613179,0.9188,0.9217,0.922,0,0,0,0.0002,0.0001,0.0001,0,0,0
68.7182,18.0424106569,0.9189,0.9219,0.9221,0,0,0,0.0002,0.0001,0.0001,0,0,0
68.7576,18.0320718582,0.9191,0.922,0.9222,0,0,0,0.0002,0.0001,0.0001,0,0,0
68.797,18.0217449017,0.9192,0.9221,0.9223,0,0,0,0.0002,0.0001,0.0001,0,0,0
68.8365,18.0114036013,0.9193,0.9222,0.9224,0,0,0,0.0002,0.0001,0.0001,0,0,0
68.8759,18.0011002978,0.9194,0.9223,0.9225,0,0,0,0.0002,0.0001,0.0001,0,0,0
68.9153,17.9908087754,0.9196,0.9224,0.9227,0,0,0,0.0002,0.0001,0.0001,0,0,0
68.9547,17.980529014,0.9197,0.9225,0.9228,0,0,0,0.0002,0.0001,0.0001,0,0,0
68.9942,17.9702349473,0.9198,0.9226,0.9229,0,0,0,0.0002,0.0001,0.0001,0,0,0
69.0336,17.9599786771,0.9199,0.9228,0.923,0,0,0,0.0002,0.0001,0.0001,0,0,0
69.073,17.9497341074,0.9201,0.9229,0.9231,0,0,0,0.0002,0.0001,0.0001,0,0,0
69.1124,17.9395012183,0.9202,0.923,0.9232,0,0,0,0.0002,0.0001,0.0001,0,0,0
69.1519,17.9292540624,0.9203,0.9231,0.9233,0,0,0,0.0002,0.0001,0.0001,0,0,0
69.1913,17.9190445042,0.9204,0.9232,0.9234,0,0,0,0.0002,0.0001,0.0001,0,0,0
69.2307,17.9088465666,0.9205,0.9233,0.9235,0,0,0,0.0002,0.0001,0.0001,0,0,0
69.2701,17.89866023,0.9207,0.9234,0.9236,0,0,0,0.0002,0.0001,0.0001,0,0,0
69.3096,17.888459665,0.9208,0.9235,0.9238,0,0,0,0.0002,0.0001,0.0001,0,0,0
69.349,17.8782965003,0.9209,0.9236,0.9239,0,0,0,0.0002,0.0001,0.0001,0,0,0
69.3884,17.8681448772,0.921,0.9237,0.924,0,0,0,0.0001,0.0001,0.0001,0,0,0
69.4278,17.8580047762,0.9211,0.9238,0.9241,0,0,0,0.0001,0.0001,0.0001,0,0,0
69.4673,17.847850485,0.9213,0.924,0.9242,0,0,0,0.0001,0.0001,0.0001,0,0,0
69.5067,17.8377333984,0.9214,0.9241,0.9243,0,0,0,0.0001,0.0001,0.0001,0,0,0
69.5461,17.827627775,0.9215,0.9242,0.9244,0,0,0,0.0001,0.0001,0.0001,0,0,0
69.5855,17.8175335954,0.9216,0.9243,0.9245,0,0,0,0.0001,0.0001,0.0001,0,0,0
69.625,17.8074252639,0.9217,0.9244,0.9246,0,0,0,0.0001,0.0001,0.0001,0,0,0
69.6644,17.7973539426,0.9218,0.9245,0.9247,0,0,0,0.0001,0.0001,0.0001,0,0,0
69.7038,17.7872940069,0.9219,0.9246,0.9248,0,0,0,0.0001,0.0001,0.0001,0,0,0
69.7432,17.7772454375,0.9221,0.9247,0.9249,0,0,0,0.0001,0.0001,0.0001,0,0,0
69.7827,17.7671827545,0.9222,0.9248,0.925,0,0,0,0.0001,0.0001,0.0001,0,0,0
69.8221,17.7571568887,0.9223,0.9249,0.9251,0,0,0,0.0001,0.0001,0.0001,0,0,0
69.8615,17.7471423316,0.9224,0.925,0.9252,0,0,0,0.0001,0.0001,0.0001,0,0,0
69.9009,17.737139064,0.9225,0.9251,0.9254,0,0,0,0.0001,0.0001,0.0001,0,0,0
69.9404,17.7271217208,0.9226,0.9252,0.9255,0,0,0,0.0001,0.0001,0.0001,0,0,0
69.9798,17.7171410035,0.9227,0.9253,0.9256,0,0,0,0.0001,0.0001,0.0001,0,0,0
70.0192,17.7071715187,0.9229,0.9254,0.9257,0,0,0,0.0001,0.0001,0.0001,0,0,0
70.0586,17.6972132472,0.923,0.9255,0.9258,0,0,0,0.0001,0.0001,0.0001,0,0,0
70.0981,17.6872409381,0.9231,0.9256,0.9259,0,0,0,0.0001,0.0001,0.0001,0,0,0
70.1375,17.6773050651,0.9232,0.9257,0.926,0,0,0,0.0001,0.0001,0.0001,0,0,0
70.1769,17.6673803488,0.9233,0.9258,0.9261,0,0,0,0.0001,0.0001,0.0001,0,0,0
70.2163,17.6574667705,0.9234,0.9259,0.9262,0,0,0,0.0001,0.0001,0.0001,0,0,0
70.2558,17.6475391925,0.9235,0.9261,0.9263,0,0,0,0.0001,0.0001,0.0001,0,0,0
70.2952,17.6376478622,0.9236,0.9262,0.9264,0,0,0,0.0001,0.0001,0.0001,0,0,0
70.3346,17.6277676137,0.9237,0.9263,0.9265,0,0,0,0.0001,0.0001,0.0001,0,0,0
70.374,17.6178984284,0.9239,0.9264,0.9266,0,0,0,0.0001,0.0001,0.0001,0,0,0
70.4135,17.6080152812,0.924,0.9265,0.9267,0,0,0,0.0001,0.0001,0.0001,0,0,0
70.4529,17.5981681946,0.9241,0.9266,0.9268,0,0,0,0.0001,0.0001,0.0001,0,0,0
70.4923,17.5883321157,0.9242,0.9267,0.9269,0,0,0,0.0001,0.0001,0.0001,0,0,0
70.5317,17.5785070259,0.9243,0.9268,0.927,0,0,0,0.0001,0.0001,0.0001,0,0,0
70.5712,17.5686680119,0.9244,0.9269,0.9271,0,0,0,0.0001,0.0001,0.0001,0,0,0
70.6106,17.558864873,0.9245,0.927,0.9272,0,0,0,0.0001,0.0001,0.0001,0,0,0
70.65,17.5490726681,0.9246,0.9271,0.9273,0,0,0,0.0001,0.0001,0.0001,0,0,0
70.6894,17.5392913789,0.9247,0.9272,0.9274,0,0,0,0.0001,0.0001,0.0001,0,0,0
70.7289,17.5294962031,0.9248,0.9273,0.9275,0,0,0,0.0001,0.0001,0.0001,0,0,0
70.7683,17.5197367183,0.9249,0.9274,0.9276,0,0,0,0.0001,0.0001,0.0001,0,0,0
70.8077,17.5099880945,0.925,0.9275,0.9277,0,0,0,0.0001,0.0001,0.0001,0,0,0
70.8471,17.5002503137,0.9251,0.9276,0.9278,0,0,0,0.0001,0.0001,0.0001,0,0,0
70.8866,17.4904986838,0.9253,0.9277,0.9279,0,0,0,0.0001,0.0001,0.0001,0,0,0
70.926,17.4807825621,0.9254,0.9277,0.928,0,0,0,0.0001,0.0001,0.0001,0,0,0
70.9654,17.4710772292,0.9255,0.9278,0.9281,0,0,0,0.0001,0.0001,0.0001,0,0,0
71.0048,17.4613826671,0.9256,0.9279,0.9282,0,0,0,0.0001,0.0001,0.0001,0,0,0
71.0443,17.4516742934,0.9257,0.928,0.9283,0,0,0,0.0001,0.0001,0.0001,0,0,0
71.0837,17.4420012464,0.9258,0.9281,0.9284,0,0,0,0.0001,0.0001,0.0001,0,0,0
71.1231,17.4323389166,0.9259,0.9282,0.9285,0,0,0,0.0001,0.0001,0.0001,0,0,0
71.1625,17.4226872861,0.926,0.9283,0.9285,0,0,0,0.0001,0.0001,0.0001,0,0,0
71.202,17.4130218814,0.9261,0.9284,0.9286,0,0,0,0.0001,0.0001,0.0001,0,0,0
71.2414,17.4033916234,0.9262,0.9285,0.9287,0,0,0,0.0001,0.0001,0.0001,0,0,0
71.2808,17.3937720115,0.9263,0.9286,0.9288,0,0,0,0.0001,0.0001,0.0001,0,0,0
71.3203,17.3841386534,0.9264,0.9287,0.9289,0,0,0,0.0001,0.0001,0.0001,0,0,0
71.3597,17.3745403078,0.9265,0.9288,0.929,0,0,0,0.0001,0.0001,0.0001,0,0,0
71.3991,17.3649525554,0.9266,0.9289,0.9291,0,0,0,0.0001,0.0001,0.0001,0,0,0
71.4385,17.3553753788,0.9267,0.929,0.9292,0,0,0,0.0001,0.0001,0.0001,0,0,0
71.478,17.3457844931,0.9268,0.9291,0.9293,0,0,0,0.0001,0.0001,0.0001,0,0,0
71.5174,17.3362284423,0.9269,0.9292,0.9294,0,0,0,0.0001,0.0001,0.0001,0,0,0
71.5568,17.3266829148,0.927,0.9293,0.9295,0,0,0,0.0001,0.0001,0.0001,0,0,0
71.5962,17.3171478933,0.9271,0.9294,0.9296,0,0,0,0.0001,0.0001,0.0001,0,0,0
71.6357,17.3075991998,0.9272,0.9295,0.9297,0,0,0,0.0001,0.0001,0.0001,0,0,0
71.6751,17.2980851649,0.9273,0.9296,0.9298,0,0,0,0.0001,0.0001,0.0001,0,0,0
71.7145,17.2885815839,0.9274,0.9297,0.9299,0,0,0,0.0001,0.0001,0.0001,0,0,0
71.7539,17.2790884398,0.9275,0.9297,0.93,0,0,0,0.0001,0.0001,0.0001,0,0,0
71.7934,17.2695816607,0.9276,0.9298,0.9301,0,0,0,0.0001,0.0001,0.0001,0,0,0
71.8328,17.2601093651,0.9277,0.9299,0.9301,0,0,0,0.0001,0.0001,0.0001,0,0,0
71.8722,17.2506474548,0.9278,0.93,0.9302,0,0,0,0.0001,0.0001,0.0001,0,0,0
71.9116,17.2411959128,0.9279,0.9301,0.9303,0,0,0,0.0001,0.0001,0.0001,0,0,0
71.9511,17.2317307727,0.928,0.9302,0.9304,0,0,0,0.0001,0.0001,0.0001,0,0,0
71.9905,17.2222999424,0.9281,0.9303,0.9305,0,0,0,0.0001,0.0001,0.0001,0,0,0
72.0299,17.2128794292,0.9282,0.9304,0.9306,0,0,0,0.0001,0.0001,0.0001,0,0,0
72.0693,17.2034692164,0.9283,0.9305,0.9307,0,0,0,0.0001,0.0001,0.0001,0,0,0
72.1088,17.1940454424,0.9284,0.9306,0.9308,0,0,0,0.0001,0.0001,0.0001,0,0,0
72.1482,17.1846558057,0.9285,0.9307,0.9309,0,0,0,0.0001,0.0001,0.0001,0,0,0
72.1876,17.1752764187,0.9286,0.9308,0.931,0,0,0,0.0001,0.0001,0.0001,0,0,0
72.227,17.1659072646,0.9287,0.9308,0.9311,0,0,0,0.0001,0.0001,0.0001,0,0,0
72.2665,17.1565245861,0.9288,0.9309,0.9311,0,0,0,0.0001,0.0001,0.0001,0,0,0
72.3059,17.1471758736,0.9289,0.931,0.9312,0,0,0,0.0001,0.0001,0.0001,0,0,0
72.3453,17.137837344,0.929,0.9311,0.9313,0,0,0,0.0001,0.0001,0.0001,0,0,0
72.3847,17.1285089805,0.9291,0.9312,0.9314,0,0,0,0.0001,0.0001,0.0001,0,0,0
72.4242,17.1191671292,0.9292,0.9313,0.9315,0,0,0,0.0001,0.0001,0.0001,0,0,0
72.4636,17.1098590741,0.9293,0.9314,0.9316,0,0,0,0.0001,0.0001,0.0001,0,0,0
72.503,17.1005611354,0.9293,0.9315,0.9317,0,0,0,0.0001,0.0001,0.0001,0,0,0
72.5424,17.0912732967,0.9294,0.9316,0.9318,0,0,0,0.0001,0.0001,0.0001,0,0,0
72.5819,17.0819720068,0.9295,0.9316,0.9319,0,0,0,0.0001,0.0001,0.0001,0,0,0
72.6213,17.0727043443,0.9296,0.9317,0.9319,0,0,0,0.0001,0.0001,0.0001,0,0,0
72.6607,17.0634467326,0.9297,0.9318,0.932,0,0,0,0.0001,0.0001,0.0001,0,0,0
72.7001,17.0541991552,0.9298,0.9319,0.9321,0,0,0,0.0001,0.0001,0.0001,0,0,0
72.7396,17.044938163,0.9299,0.932,0.9322,0,0,0,0.0001,0.0001,0.0001,0,0,0
72.779,17.0357106308,0.93,0.9321,0.9323,0,0,0,0.0001,0.0001,0.0001,0,0,0
72.8184,17.0264930842,0.9301,0.9322,0.9324,0,0,0,0.0001,0.0001,0.0001,0,0,0
72.8578,17.0172855068,0.9302,0.9323,0.9325,0,0,0,0.0001,0.0001,0.0001,0,0,0
72.8973,17.0080645511,0.9303,0.9323,0.9326,0,0,0,0.0001,0.0001,0.0001,0,0,0
72.9367,16.9988768891,0.9304,0.9324,0.9326,0,0,0,0.0001,0.0001,0.0001,0,0,0
72.9761,16.9896991481,0.9305,0.9325,0.9327,0,0,0,0.0001,0.0001,0.0001,0,0,0
73.0155,16.9805313118,0.9306,0.9326,0.9328,0,0,0,0.0001,0.0001,0.0001,0,0,0
73.055,16.9713501335,0.9306,0.9327,0.9329,0,0,0,0.0001,0.0001,0.0001,0,0,0
73.0944,16.9622020839,0.9307,0.9328,0.933,0,0,0,0.0001,0.0001,0.0001,0,0,0
73.1338,16.9530638911,0.9308,0.9329,0.9331,0,0,0,0.0001,0.0001,0.0001,0,0,0
73.1732,16.9439355392,0.9309,0.933,0.9332,0,0,0,0.0001,0.0001,0.0001,0,0,0
73.2127,16.9347938814,0.931,0.933,0.9332,0,0,0,0.0001,0.0001,0.0001,0,0,0
73.2521,16.9256851885,0.9311,0.9331,0.9333,0,0,0,0.0001,0.0001,0.0001,0,0,0
73.2915,16.916586289,0.9312,0.9332,0.9334,0,0,0,0.0001,0.0001,0.0001,0,0,0
73.3309,16.907497167,0.9313,0.9333,0.9335,0,0,0,0.0001,0.0001,0.0001,0,0,0
73.3704,16.898394775,0.9314,0.9334,0.9336,0,0,0,0.0001,0.0001,0.0001,0,0,0
73.4098,16.8893251855,0.9315,0.9335,0.9337,0,0,0,0.0001,0.0001,0.0001,0,0,0
73.4492,16.8802653262,0.9316,0.9335,0.9337,0,0,0,0.0001,0.0001,0.0001,0,0,0
73.4886,16.8712151817,0.9316,0.9336,0.9338,0,0,0,0.0001,0.0001,0.0001,0,0,0
73.5281,16.8621518032,0.9317,0.9337,0.9339,0,0,0,0.0001,0.0001,0.0001,0,0,0
73.5675,16.8531210657,0.9318,0.9338,0.934,0,0,0,0.0001,0.0001,0.0001,0,0,0
73.6069,16.8440999961,0.9319,0.9339,0.9341,0,0,0,0.0001,0.0001,0.0001,0,0,0
73.6463,16.8350885788,0.932,0.934,0.9342,0,0,0,0.0001,0.0001,0.0001,0,0,0
73.6858,16.8260639635,0.9321,0.934,0.9342,0,0,0,0.0001,0.0001,0.0001,0,0,0
73.7252,16.8170718289,0.9322,0.9341,0.9343,0,0,0,0.0001,0.0001,0.0001,0,0,0
73.7646,16.8080893003,0.9323,0.9342,0.9344,0,0,0,0.0001,0.0001,0.0001,0,0,0
73.804,16.7991163623,0.9323,0.9343,0.9345,0,0,0,0.0001,0.0001,0.0001,0,0,0
73.8435,16.790130262,0.9324,0.9344,0.9346,0,0,0,0.0001,0.0001,0.0001,0,0,0
73.8829,16.7811764833,0.9325,0.9345,0.9347,0,0,0,0.0001,0.0001,0.0001,0,0,0
73.9223,16.7722322493,0.9326,0.9345,0.9347,0,0,0,0.0001,0.0001,0.0001,0,0,0
73.9617,16.7632975445,0.9327,0.9346,0.9348,0,0,0,0.0001,0.0001,0.0001,0,0,0
74.0012,16.7543497132,0.9328,0.9347,0.9349,0,0,0,0.0001,0.0001,0.0001,0,0,0
74.0406,16.7454340456,0.9329,0.9348,0.935,0,0,0,0.0001,0.0001,0.0001,0,0,0
74.08,16.7365278618,0.933,0.9349,0.9351,0,0,0,0.0001,0.0001,0.0001,0,0,0
74.1194,16.7276311465,0.933,0.9349,0.9351,0,0,0,0.0001,0.0001,0.0001,0,0,0
74.1589,16.7187213403,0.9331,0.935,0.9352,0,0,0,0.0001,0.0001,0.0001,0,0,0
74.1983,16.7098435409,0.9332,0.9351,0.9353,0,0,0,0.0001,0.0001,0.0001,0,0,0
74.2377,16.7009751649,0.9333,0.9352,0.9354,0,0,0,0.0001,0.0001,0.0001,0,0,0
74.2771,16.6921161973,0.9334,0.9353,0.9355,0,0,0,0.0001,0.0001,0.0001,0,0,0
74.3166,16.6832441742,0.9335,0.9354,0.9355,0,0,0,0.0001,0.0001,0.0001,0,0,0
74.356,16.6744040024,0.9335,0.9354,0.9356,0,0,0,0.0001,0.0001,0.0001,0,0,0
74.3954,16.665573194,0.9336,0.9355,0.9357,0,0,0,0.0001,0.0001,0.0001,0,0,0
74.4348,16.6567517344,0.9337,0.9356,0.9358,0,0,0,0.0001,0.0001,0.0001,0,0,0
74.4743,16.6479172547,0.9338,0.9357,0.9359,0,0,0,0.0001,0.0001,0.0001,0,0,0
74.5137,16.6391144716,0.9339,0.9357,0.9359,0,0,0,0.0001,0.0001,0.0001,0,0,0
74.5531,16.6303209927,0.934,0.9358,0.936,0,0,0,0.0001,0.0001,0.0001,0,0,0
74.5925,16.6215368033,0.9341,0.9359,0.9361,0,0,0,0.0001,0.0001,0.0001,0,0,0
74.632,16.6127396291,0.9341,0.936,0.9362,0,0,0,0.0001,0.0001,0.0001,0,0,0
74.6714,16.6039739981,0.9342,0.9361,0.9363,0,0,0,0.0001,0.0001,0.0001,0,0,0
74.7108,16.5952176124,0.9343,0.9361,0.9363,0,0,0,0.0001,0.0001,0.0001,0,0,0
74.7502,16.5864704576,0.9344,0.9362,0.9364,0,0,0,0.0001,0.0001,0.0001,0,0,0
74.7897,16.5777103532,0.9345,0.9363,0.9365,0,0,0,0.0001,0.0001,0.0001,0,0,0
74.8291,16.5689816395,0.9345,0.9364,0.9366,0,0,0,0.0001,0.0001,0.0001,0,0,0
74.8685,16.5602621129,0.9346,0.9365,0.9366,0,0,0,0.0001,0.0001,0.0001,0,0,0
74.9079,16.5515517589,0.9347,0.9365,0.9367,0,0,0,0.0001,0.0001,0.0001,0,0,0
74.9474,16.5428284904,0.9348,0.9366,0.9368,0,0,0,0.0001,0.0001,0.0001,0,0,0
74.9868,16.5341364614,0.9349,0.9367,0.9369,0,0,0,0.0001,0.0001,0.0001,0,0,0
75.0262,16.5254535616,0.935,0.9368,0.937,0,0,0,0.0001,0.0001,0.0001,0,0,0
75.0656,16.5167797766,0.935,0.9368,0.937,0,0,0,0.0001,0.0001,0.0001,0,0,0
75.1051,16.5080931122,0.9351,0.9369,0.9371,0,0,0,0.0001,0.0001,0.0001,0,0,0
75.1445,16.499437537,0.9352,0.937,0.9372,0,0,0,0.0001,0.0001,0.0001,0,0,0
75.1839,16.4907910337,0.9353,0.9371,0.9373,0,0,0,0.0001,0.0001,0.0001,0,0,0
75.2233,16.4821535881,0.9354,0.9372,0.9373,0,0,0,0.0001,0.0001,0.0001,0,0,0
75.2628,16.4735032978,0.9354,0.9372,0.9374,0,0,0,0.0001,0.0001,0.0001,0,0,0
75.3022,16.4648839476,0.9355,0.9373,0.9375,0,0,0,0.0001,0.0001,0.0001,0,0,0
75.3416,16.4562736125,0.9356,0.9374,0.9376,0,0,0,0.0001,0.0001,0.0001,0,0,0
75.381,16.4476722782,0.9357,0.9375,0.9376,0,0,0,0.0001,0.0001,0.0001,0,0,0
75.4205,16.4390581341,0.9358,0.9375,0.9377,0,0,0,0.0001,0.0001,0.0001,0,0,0
75.4599,16.430474782,0.9358,0.9376,0.9378,0,0,0,0.0001,0.0001,0.0001,0,0,0
75.4993,16.4219003885,0.9359,0.9377,0.9379,0,0,0,0.0001,0.0001,0.0001,0,0,0
75.5388,16.4133132112,0.936,0.9378,0.9379,0,0,0,0.0001,0.0001,0.0001,0,0,0
75.5782,16.4047567156,0.9361,0.9378,0.938,0,0,0,0.0001,0.0001,0.0001,0,0,0
75.6176,16.3962091365,0.9362,0.9379,0.9381,0,0,0,0.0001,0.0001,0.0001,0,0,0
75.657,16.3876704601,0.9362,0.938,0.9382,0,0,0,0.0001,0.0001,0.0001,0,0,0
75.6965,16.3791190346,0.9363,0.9381,0.9382,0,0,0,0.0001,0.0001,0.0001,0,0,0
75.7359,16.3705981443,0.9364,0.9381,0.9383,0,0,0,0.0001,0.0001,0.0001,0,0,0
75.7753,16.3620861151,0.9365,0.9382,0.9384,0,0,0,0.0001,0.0001,0.0001,0,0,0
75.8147,16.3535829331,0.9366,0.9383,0.9385,0,0,0,0.0001,0.0001,0.0001,0,0,0
75.8542,16.3450670365,0.9366,0.9384,0.9385,0,0,0,0.0001,0.0001,0.0001,0,0,0
75.8936,16.3365815299,0.9367,0.9384,0.9386,0,0,0,0.0001,0.0001,0.0001,0,0,0
75.933,16.3281048293,0.9368,0.9385,0.9387,0,0,0,0.0001,0.0001,0.0001,0,0,0
75.9724,16.3196369208,0.9369,0.9386,0.9388,0,0,0,0.0001,0.0001,0.0001,0,0,0
76.0119,16.3111563321,0.9369,0.9386,0.9388,0,0,0,0.0001,0.0001,0.0001,0,0,0
76.0513,16.3027059892,0.937,0.9387,0.9389,0,0,0,0.0001,0.0001,0.0001,0,0,0
76.0907,16.2942643976,0.9371,0.9388,0.939,0,0,0,0.0001,0.0001,0.0001,0,0,0
76.1301,16.2858315436,0.9372,0.9389,0.939,0,0,0,0.0001,0.0001,0.0001,0,0,0
76.1696,16.2773860438,0.9372,0.9389,0.9391,0,0,0,0.0001,0.0001,0.0001,0,0,0
76.209,16.2689706465,0.9373,0.939,0.9392,0,0,0,0.0001,0.0001,0.0001,0,0,0
76.2484,16.2605639463,0.9374,0.9391,0.9393,0,0,0,0.0001,0.0001,0.0001,0,0,0
76.2878,16.2521659295,0.9375,0.9392,0.9393,0,0,0,0.0001,0.0001,0.0001,0,0,0
76.3273,16.2437553012,0.9376,0.9392,0.9394,0,0,0,0.0001,0.0001,0.0001,0,0,0
76.3667,16.2353746332,0.9376,0.9393,0.9395,0,0,0,0.0001,0.0001,0.0001,0,0,0
76.4061,16.2270026084,0.9377,0.9394,0.9395,0,0,0,0.0001,0.0001,0.0001,0,0,0
76.4455,16.2186392136,0.9378,0.9394,0.9396,0,0,0,0.0001,0.0001,0.0001,0,0,0
76.485,16.2102632412,0.9379,0.9395,0.9397,0,0,0,0.0001,0.0001,0.0001,0,0,0
76.5244,16.2019170879,0.9379,0.9396,0.9398,0,0,0,0.0001,0.0001,0.0001,0,0,0
76.5638,16.1935795245,0.938,0.9397,0.9398,0,0,0,0.0001,0.0001,0.0001,0,0,0
76.6032,16.1852505378,0.9381,0.9397,0.9399,0,0,0,0.0001,0.0001,0.0001,0,0,0
76.6427,16.1769090076,0.9382,0.9398,0.94,0,0,0,0.0001,0.0001,0.0001,0,0,0
76.6821,16.1685971563,0.9382,0.9399,0.94,0,0,0,0.0001,0.0001,0.0001,0,0,0
76.7215,16.160293842,0.9383,0.9399,0.9401,0,0,0,0.0001,0.0001,0.0001,0,0,0
76.7609,16.1519990516,0.9384,0.94,0.9402,0,0,0,0.0001,0.0001,0.0001,0,0,0
76.8004,16.1436917516,0.9385,0.9401,0.9403,0,0,0,0.0001,0.0001,0.0001,0,0,0
76.8398,16.1354139912,0.9385,0.9402,0.9403,0,0,0,0.0001,0.0001,0.0001,0,0,0
76.8792,16.1271447153,0.9386,0.9402,0.9404,0,0,0,0.0001,0.0001,0.0001,0,0,0
76.9186,16.118883911,0.9387,0.9403,0.9405,0,0,0,0.0001,0.0001,0.0001,0,0,0
76.9581,16.110610631,0.9387,0.9404,0.9405,0,0,0,0.0001,0.0001,0.0001,0,0,0
76.9975,16.1023667522,0.9388,0.9404,0.9406,0,0,0,0.0001,0.0001,0.0001,0,0,0
77.0369,16.0941313059,0.9389,0.9405,0.9407,0,0,0,0.0001,0.0001,0.0001,0,0,0
77.0763,16.0859042793,0.939,0.9406,0.9407,0,0,0,0.0001,0.0001,0.0001,0,0,0
77.1158,16.0776648106,0.939,0.9406,0.9408,0,0,0,0.0001,0.0001,0.0001,0,0,0
77.1552,16.0694546058,0.9391,0.9407,0.9409,0,0,0,0.0001,0.0001,0.0001,0,0,0
77.1946,16.0612527819,0.9392,0.9408,0.941,0,0,0,0.0001,0.0001,0.0001,0,0,0
77.234,16.0530593262,0.9393,0.9409,0.941,0,0,0,0.0001,0.0001,0.0001,0,0,0
77.2735,16.0448534621,0.9393,0.9409,0.9411,0,0,0,0.0001,0.0001,0.0001,0,0,0
77.3129,16.0366767254,0.9394,0.941,0.9412,0,0,0,0.0001,0.0001,0.0001,0,0,0
77.3523,16.0285083184,0.9395,0.9411,0.9412,0,0,0,0.0001,0.0001,0.0001,0,0,0
77.3917,16.0203482286,0.9395,0.9411,0.9413,0,0,0,0.0001,0.0001,0.0001,0,0,0
77.4312,16.0121757638,0.9396,0.9412,0.9414,0,0,0,0.0001,0.0001,0.0001,0,0,0
77.4706,16.004032291,0.9397,0.9413,0.9414,0,0,0,0.0001,0.0001,0.0001,0,0,0
77.51,15.9958970971,0.9398,0.9413,0.9415,0,0,0,0.0001,0.0001,0.0001,0,0,0
77.5494,15.9877701697,0.9398,0.9414,0.9416,0,0,0,0.0001,0.0001,0.0001,0,0,0
77.5889,15.9796309008,0.9399,0.9415,0.9416,0,0,0,0.0001,0.0001,0.0001,0,0,0
77.6283,15.9715204893,0.94,0.9415,0.9417,0,0,0,0.0001,0.0001,0.0001,0,0,0
77.6677,15.9634183065,0.94,0.9416,0.9418,0,0,0,0.0001,0.0001,0.0001,0,0,0
77.7071,15.9553243397,0.9401,0.9417,0.9418,0,0,0,0.0001,0.0001,0.0001,0,0,0
77.7466,15.9472180648,0.9402,0.9417,0.9419,0,0,0,0.0001,0.0001,0.0001,0,0,0
77.786,15.9391405137,0.9403,0.9418,0.942,0,0,0,0.0001,0.0001,0.0001,0,0,0
77.8254,15.9310711413,0.9403,0.9419,0.942,0,0,0,0.0001,0.0001,0.0001,0,0,0
77.8648,15.9230099352,0.9404,0.9419,0.9421,0,0,0,0.0001,0.0001,0.0001,0,0,0
77.9043,15.9149364541,0.9405,0.942,0.9422,0,0,0,0.0001,0.0001,0.0001,0,0,0
77.9437,15.906891564,0.9405,0.9421,0.9422,0,0,0,0.0001,0.0001,0.0001,0,0,0
77.9831,15.8988548032,0.9406,0.9421,0.9423,0,0,0,0.0001,0.0001,0.0001,0,0,0
78.0225,15.8908261591,0.9407,0.9422,0.9424,0,0,0,0.0001,0.0001,0.0001,0,0,0
78.062,15.8827852732,0.9407,0.9423,0.9424,0,0,0,0.0001,0.0001,0.0001,0,0,0
78.1014,15.8747728466,0.9408,0.9423,0.9425,0,0,0,0.0001,0.0001,0.0001,0,0,0
78.1408,15.8667684999,0.9409,0.9424,0.9426,0,0,0,0.0001,0.0001,0.0001,0,0,0
78.1802,15.8587722211,0.9409,0.9425,0.9426,0,0,0,0.0001,0.0001,0.0001,0,0,0
78.2197,15.8507637334,0.941,0.9425,0.9427,0,0,0,0.0001,0.0001,0.0001,0,0,0
78.2591,15.8427835741,0.9411,0.9426,0.9428,0,0,0,0.0001,0.0001,0.0001,0,0,0
78.2985,15.8348114459,0.9412,0.9427,0.9428,0,0,0,0.0001,0.0001,0.0001,0,0,0
78.3379,15.826847337,0.9412,0.9427,0.9429,0,0,0,0.0001,0.0001,0.0001,0,0,0
78.3774,15.8188710521,0.9413,0.9428,0.943,0,0,0,0.0001,0.0001,0.0001,0,0,0
78.4168,15.8109229655,0.9414,0.9429,0.943,0,0,0,0.0001,0.0001,0.0001,0,0,0
78.4562,15.8029828618,0.9414,0.9429,0.9431,0,0,0,0.0001,0.0001,0.0001,0,0,0
78.4956,15.795050729,0.9415,0.943,0.9432,0,0,0,0.0001,0.0001,0.0001,0,0,0
78.5351,15.787106453,0.9416,0.9431,0.9432,0,0,0,0.0001,0.0001,0.0001,0,0,0
78.5745,15.7791902462,0.9416,0.9431,0.9433,0,0,0,0.0001,0.0001,0.0001,0,0,0
78.6139,15.7712819743,0.9417,0.9432,0.9434,0,0,0,0.0001,0.0001,0.0001,0,0,0
78.6533,15.7633816254,0.9418,0.9433,0.9434,0,0,0,0.0001,0.0001,0.0001,0,0,0
78.6928,15.7554691662,0.9418,0.9433,0.9435,0,0,0,0.0001,0.0001,0.0001,0,0,0
78.7322,15.7475846477,0.9419,0.9434,0.9435,0,0,0,0.0001,0.0001,0.0001,0,0,0
78.7716,15.7397080166,0.942,0.9434,0.9436,0,0,0,0.0001,0.0001,0.0001,0,0,0
78.811,15.731839261,0.942,0.9435,0.9437,0,0,0,0.0001,0.0001,0.0001,0,0,0
